"path","sha256","coverage"
".gitignore","DDE26429979DC1F29893BB33BFCFD3A68C2FE7716B6AE1E9274F5E82ACF847A2","baseline inventory; not a per-line review claim"
"README.md","923E757089AC6C177FEBBFEC2B103DD48FB9633D073BA3BA5D413958E6EEAC13","baseline inventory; not a per-line review claim"
"apps/docs/bug-register.md","D957CED8569C32BFA8B01DA87B3765F266FC9EB4B37EE89C601A85494BEE8AFB","baseline inventory; not a per-line review claim"
"apps/server/.env.example","74B9F81D2F8886BF9B5C75E98CA93DF8737F50228CE8AE50F0EAF43631425F08","baseline inventory; not a per-line review claim"
"apps/server/.tao-shard-0.txt","BDB3BA99AFC9D2258B87FB3EF495C24EA54341B7BAD7BC59B575FFA8D55CD14F","baseline inventory; not a per-line review claim"
"apps/server/.tao-shard-1.txt","2A2C65EFD9F04AEB73522F771F0E4838B1EFF4CCFDB9502DA6B32BC45A491B43","baseline inventory; not a per-line review claim"
"apps/server/.tao-shard-2.txt","12DEE17F78EE7EB3A1898B98B9D6F02AD30A6DD06B3CBADCCEEE5CB1B2BFA8B6","baseline inventory; not a per-line review claim"
"apps/server/cc-manifest.json","85FBFB102A2E0E04B98875477ABB7E62A720808BB33343DCC7A816BFF376F56D","baseline inventory; not a per-line review claim"
"apps/server/package.json","AE3A1BA6D0C48239446D1C425B613A22EBC5175F19E72985B4DAEDBFFA739AAB","baseline inventory; not a per-line review claim"
"apps/server/prisma/migrations/20260905154828_init/migration.sql","4BADD573502EED3F48E4FD725BCA7258C12E0D2A2A1AB359CFCAA82721D6F6A3","baseline inventory; not a per-line review claim"
"apps/server/prisma/migrations/20260907003000_one_active_session/migration.sql","D48051A347E2CD6DE1760AF116D62E5A5C106746EBC1ED20046E3E42AA058C2D","baseline inventory; not a per-line review claim"
"apps/server/prisma/migrations/20260910220000_night9_family_settings/migration.sql","82576B7C51FE093A54343DF874E6DB8F3F358B8E946220F969A6133B48BA1EE0","baseline inventory; not a per-line review claim"
"apps/server/prisma/migrations/20260916120000_v2_content_domain/migration.sql","B2FE7C9535E8097D48D47F8B294F9E21DF78975A0F4462C93267F26A97B87F06","baseline inventory; not a per-line review claim"
"apps/server/prisma/migrations/20260916130000_art_asset/migration.sql","E133A63FE534EEF5ADDFA06DB7713A68750971666D1F8DA33EFD2ABD648A6BE9","baseline inventory; not a per-line review claim"
"apps/server/prisma/migrations/20260917040000_video_asset/migration.sql","AD3C98BF9A3DBF0B81229875733A7FF45B42012E5E45199C9E2739EAF94B1049","baseline inventory; not a per-line review claim"
"apps/server/prisma/migrations/20260917210000_favorite_wordcard/migration.sql","58CAEB6096E7130669AA066C0394EBFC85D697A76C511B765591B2CE3225AEA3","baseline inventory; not a per-line review claim"
"apps/server/prisma/migrations/20260918000000_calm_mode/migration.sql","1C44350B7FCE53196E5ECCCE773AA315929CA1EA529DCE694AF20234BBC852CB","baseline inventory; not a per-line review claim"
"apps/server/prisma/migrations/migration_lock.toml","299B191F637FD153D78BF4DABFFC59AC9B5E4C7DCEA7C644B7D111E9BD5A5FC4","baseline inventory; not a per-line review claim"
"apps/server/prisma/schema.prisma","A2C300E5904ECA9791D91EA7833B34770E4157DFF311AC1ADAFE6602A6565FAB","baseline inventory; not a per-line review claim"
"apps/server/scripts/audit-completeness.mjs","EC8329CF38C820C4D415DA7E3FF156A3742844E108C47ED2477FBEF01AE631BB","baseline inventory; not a per-line review claim"
"apps/server/scripts/corpus-data/art-gap.json","16654D95ACEE26F8E159B1AC2E8753E63BD2D8897D044CA4725600F5A02396D0","baseline inventory; not a per-line review claim"
"apps/server/scripts/corpus-data/original-meta.json","CADD90AEC66F3DD603AC4A1B2B2339BA47841080EBB3BB804044AA69D5E0B1E7","baseline inventory; not a per-line review claim"
"apps/server/scripts/corpus-data/seed-translations.json","433266786B96FA276F99DC739BD12EF35897C25931E89784036B30609500580A","baseline inventory; not a per-line review claim"
"apps/server/scripts/corpus-data/style-regen.json","AC04233451CCE4CF5F3951378E3C13FE8172C13E6A0C75005B41FE077C5E2559","baseline inventory; not a per-line review claim"
"apps/server/scripts/corpus-data/translations/batch-01.json","252C8D6D27A7A97009D2B05E792441CB7715CD7F338242A24D4786135B0B443E","baseline inventory; not a per-line review claim"
"apps/server/scripts/corpus-data/translations/batch-02.json","60AF2C5641E20F32A916B36EE21747CCE9F8C340772E6E29659DD1BA0767ED64","baseline inventory; not a per-line review claim"
"apps/server/scripts/corpus-data/translations/batch-03.json","8FD289446CE56B4D007CEC253B035FD59DB7880E905D8E25E5198D714BAF4A10","baseline inventory; not a per-line review claim"
"apps/server/scripts/corpus-data/translations/batch-04.json","FDE669B83ADFD8B641C89FF8593D71FE92207F0108C7755BACED123C1F48BE88","baseline inventory; not a per-line review claim"
"apps/server/scripts/corpus-data/translations/batch-05.json","7A1A1BB5A2020DE3F7DD70843FDD4CC675548334C07FBC080D8EAD3673412214","baseline inventory; not a per-line review claim"
"apps/server/scripts/corpus-data/translations/batch-06.json","228221F81834AC5C57D64640DCB23699FA3A0705664E6D5050A058FDC1005361","baseline inventory; not a per-line review claim"
"apps/server/scripts/corpus-data/translations/batch-07.json","090DFD47FE8E8028E076F5F34F03B023D098DD94F33EAD5E94B326E7E1D7B8D3","baseline inventory; not a per-line review claim"
"apps/server/scripts/corpus-data/translations/batch-08.json","8F8CD2EC87423DE735632DEF4B5AEE4E8F2322205903ABAE706076BD63F79BBF","baseline inventory; not a per-line review claim"
"apps/server/scripts/corpus-data/translations/batch-09.json","B187670BC49EFADF6244A63F8E14E573E261F59108046691207E51A7256FF544","baseline inventory; not a per-line review claim"
"apps/server/scripts/corpus-data/translations/batch-10.json","DD56F26F5940F897F3FD8B107FE19C9E8C068A64050DEFFC0DC7BCD7BA68E8AB","baseline inventory; not a per-line review claim"
"apps/server/scripts/corpus-data/translations/batch-11.json","BC8F4FB8372226921F681E16DBD59D5F02E67DB3CEC867F4E90025B5A1D1117C","baseline inventory; not a per-line review claim"
"apps/server/scripts/corpus-data/translations/batch-12.json","B998016A0B9534C7DE66A7DB8686D08DD184B9490E33A975B04CC3F0D445F28A","baseline inventory; not a per-line review claim"
"apps/server/scripts/corpus-data/translations/batch-13.json","AF0C2FF0BC478F4E58A33DF39170CB2032A2F75021785A2AC0298B12D7709636","baseline inventory; not a per-line review claim"
"apps/server/scripts/corpus-data/translations/batch-14.json","C7DAFD303F86D26309D0CBC2E88DDAC850B24B0BC612F6B3CFD1D1D1802F6025","baseline inventory; not a per-line review claim"
"apps/server/scripts/corpus-data/translations/batch-15.json","F6496E27609A39A6A682FE3E0FFA259CA58268965726E631D71EA7E5D980EB18","baseline inventory; not a per-line review claim"
"apps/server/scripts/corpus-data/translations/batch-16.json","716BB07A01B144AA4A69D1AE85F78E8EF61ADA1C32881D8EC6382C9736D2A4B6","baseline inventory; not a per-line review claim"
"apps/server/scripts/corpus-data/translations/batch-17.json","39EB1D4DB8AC6F9D4D5C45DDB86D395C006B10F067749B65EB8A2848DB79B5FE","baseline inventory; not a per-line review claim"
"apps/server/scripts/corpus-data/translations/batch-18.json","7FFEC47C9929D327B62D99F9B8D87609AD3C930C1852F03E95197926533E7944","baseline inventory; not a per-line review claim"
"apps/server/scripts/corpus-data/translations/batch-19.json","A6C28BB87FB0EEDB6B4CE9AD0F2151BCC08C533C1113FBBCDBDB426DE4D811EA","baseline inventory; not a per-line review claim"
"apps/server/scripts/corpus-data/translations/batch-20.json","4BC9A890D781C51DCAFD6547D46F43951FCD1D439F9B6ECBA211A485F784EBC1","baseline inventory; not a per-line review claim"
"apps/server/scripts/corpus-data/translations/batch-21.json","F867652FDFBA772F109C26AB7B6EBDD6A711B2520AA7C27052CFD5AC98649EA6","baseline inventory; not a per-line review claim"
"apps/server/scripts/corpus-data/translations/batch-22.json","442350C26EBF94AC1488DCF16322A90224C4E655835F13DFB660C16CD8336819","baseline inventory; not a per-line review claim"
"apps/server/scripts/corpus-data/translations/batch-23.json","837B3245F7CB3D5517CBF43167DEF5B318029B04CAF1B1861BF3F0E77F2890A8","baseline inventory; not a per-line review claim"
"apps/server/scripts/corpus-data/translations/batch-24.json","4519F2983590F171822F60EBD7C0FF438DE94699248B04DD5191E5E21C2D0EB3","baseline inventory; not a per-line review claim"
"apps/server/scripts/corpus-data/translations/batch-25.json","B4F27AD2195F05B66041202F15E1829E88DE929DE599E9F455DFA15469796246","baseline inventory; not a per-line review claim"
"apps/server/scripts/corpus-data/translations/batch-26.json","87828BA016A2EB6B44AE3F758154CB4B7714F9FFE0A9708808FA2F5F9BD577F2","baseline inventory; not a per-line review claim"
"apps/server/scripts/corpus-data/translations/leftover-01.json","B630C6BD2A626657FD04735367ECFD8A15405CFC73DD984EE3991E09882027C5","baseline inventory; not a per-line review claim"
"apps/server/scripts/corpus-data/translations/leftover-02.json","B40DD8D2D8437FB83C5F60F165B23AEC1D1D0A68A0573459E5BF438C2A239EF6","baseline inventory; not a per-line review claim"
"apps/server/scripts/corpus-data/translations/leftover-03.json","F43CE0D813FCB0BB15E7C3E88DD3B32B90104EAB4A8B52E9987B23132053CE6A","baseline inventory; not a per-line review claim"
"apps/server/scripts/corpus-data/units/batch-01.json","3AA3E56A5FA0DB1C1B36915D0D078B04E97FE29564E3CD908EC22ABAC3C01652","baseline inventory; not a per-line review claim"
"apps/server/scripts/count-art.mjs","256814DE4DB79808D9AF3AACE50B9E78AA5201A39491E2B57827D3B3059DF985","baseline inventory; not a per-line review claim"
"apps/server/scripts/count-content.mjs","90A56D656511E9682DC42A517E2C661EEB3291A9A707C04251098F91C1177999","baseline inventory; not a per-line review claim"
"apps/server/scripts/demo-media.ts","64AC549FE7CAA7D0ED049D4B5B447D7C702EF27AF34240398E537C01CB753D21","baseline inventory; not a per-line review claim"
"apps/server/scripts/extract-meta.mjs","2088901FEEA8B60BBBF9CCDE5C87EA1B4FF5EBB3A09E5F58F1002DE429DF6013","baseline inventory; not a per-line review claim"
"apps/server/scripts/fix-pinyin.mjs","028080AAB30AAE0CCF1D94F951CFB84B916ADE8546652C5FBB42E36C32AC0FA5","baseline inventory; not a per-line review claim"
"apps/server/scripts/gen-art.ts","D8CC15A4638D7959AEC07BA5752424A26F179F32F8B6337AF317CF2E077C64DA","baseline inventory; not a per-line review claim"
"apps/server/scripts/gen-cc-packs.mjs","664FBEBC12E50EB38A962C5558CEE70176C1E6128A9375B3B5130DB9FAD77729","baseline inventory; not a per-line review claim"
"apps/server/scripts/gen-corpus.mjs","D7F92FE1D43FC8D1E79711B70324C58639348415FD76237418E93E467CDB5B72","baseline inventory; not a per-line review claim"
"apps/server/scripts/gen-ui-mockups.ts","FAB8F640C3F698EAA286180D96AC40FA87822E544B1B41492D96C90E822B1113","baseline inventory; not a per-line review claim"
"apps/server/scripts/gen-video.ts","A9D05E40252B6A08442D3E0BA1BEE99DFB6F8B46A7F94F62FAF0B9F9D64C0BBA","baseline inventory; not a per-line review claim"
"apps/server/scripts/label-art.mjs","512AD83122395838C504970DB24B79466B5C77ED240A7BF601E62315D973B1C3","baseline inventory; not a per-line review claim"
"apps/server/scripts/lib-stats.mjs","0623197774C7D2A771CAB0DDCBCCC3EEBAB6288843D86A4A847980F8D73D5869","baseline inventory; not a per-line review claim"
"apps/server/scripts/list-missing-art.mjs","BBBD2A62ED724CBB5CC68AE0FAFC71D5A50C34ED13BD41304A3F8A8D7A21AF6C","baseline inventory; not a per-line review claim"
"apps/server/scripts/probe-video-route.mjs","0FBC63E0CE61B3B29045ABCA35258838BA68E6ED43A74E415D57D2C3733559C6","baseline inventory; not a per-line review claim"
"apps/server/scripts/probe-video.mjs","5B54894896A1A1953CDE4947CDF752896A3EE8B58A319F6C021526CDEBFE050C","baseline inventory; not a per-line review claim"
"apps/server/scripts/prompt-compare.ts","0DF787D5BF4F58B72B7D5C81DEBC7B5893F7E37ABD285A037F7EDDBB1B50F216","baseline inventory; not a per-line review claim"
"apps/server/scripts/prompt-compare2.ts","54336073A048DED77A42EC2195F2FB8B052A6BFDAD61D5F652358FC495ABF207","baseline inventory; not a per-line review claim"
"apps/server/scripts/scenes.ts","4CF495DB0F91A4B9686CF4DE753E01D47B5BE8C99AA4F5F2049062AD2895AA5B","baseline inventory; not a per-line review claim"
"apps/server/scripts/seed-dev.mjs","B4B4BD9FCA703BF88FBB2958E4C5CB1FB0E86BAEFB96EA3D55374E25FD07121E","baseline inventory; not a per-line review claim"
"apps/server/scripts/smoke-weread.ts","01738AB2A466820C9037F44EB308A7A6B4C9EEA2FE63C225F77C44426885C0F0","baseline inventory; not a per-line review claim"
"apps/server/scripts/validate-packs.mjs","A41617B87C320844C44C4F5D28423C99C7F0A854BBE2EF5B9C96934231D5D066","baseline inventory; not a per-line review claim"
"apps/server/src/app.ts","F2D903D04A67D541881ED787E24DBB1D43520EEC263869D96C9CDFE3EBF20C4B","baseline inventory; not a per-line review claim"
"apps/server/src/config.ts","06901419B916A24115A340D30207A565EFD8C1AACD7A6267C20CEB5D25820CA9","baseline inventory; not a per-line review claim"
"apps/server/src/content/packs/alcott-littlemen.ts","AB3581B2AFF62B72B890FAEA1A7E169EDE85F96CDBD33FE0D684782E8A2D9425","baseline inventory; not a per-line review claim"
"apps/server/src/content/packs/alcott-littlewomen.ts","396249E7EE4C4ED3C75C8F47BC08E0834DB0D02FA3744ED289958C83EE6C19FF","baseline inventory; not a per-line review claim"
"apps/server/src/content/packs/alcott-oldfashioned.ts","89ACFA69B3247A496EADB778EBDCB3CE6A6648CCAEE5501271AA0415A95990D3","baseline inventory; not a per-line review claim"
"apps/server/src/content/packs/baum-santa.ts","E9632698429A1E8A2EF85416677E89F1DB938CC15ACA6157FF3A93477F7EC363","baseline inventory; not a per-line review claim"
"apps/server/src/content/packs/burgess-cottontail.ts","54CB0A1FE40EAF3C13865AA0435595819C332271813049DA7379D401110D2D88","baseline inventory; not a per-line review claim"
"apps/server/src/content/packs/burgess-reddyfox.ts","E916926F3E9305444F4BD34D0DC14D9A6EF84E404A2A03140DBC05017E13F740","baseline inventory; not a per-line review claim"
"apps/server/src/content/packs/burgess-westwind.ts","FBDC659351A6A4907B4501028E888F6908D1D8921529B949E202315918F50FE9","baseline inventory; not a per-line review claim"
"apps/server/src/content/packs/burnett-fauntleroy.ts","ADC289DEA9637FD33D88201EE127B4815D77FC22CD4CABD21B97B05E3651F6F2","baseline inventory; not a per-line review claim"
"apps/server/src/content/packs/cc-ah-football.ts","79A59E20E64872D396DACB6266AEADFBEEF1EC58CEA0F11A80DB2F9A6D6A2C82","baseline inventory; not a per-line review claim"
"apps/server/src/content/packs/cc-akatope.ts","D47E8C78159B169F4B4839C498E5A39745F8CA5974F7881D84C84917526F93D5","baseline inventory; not a per-line review claim"
"apps/server/src/content/packs/cc-anansi-and-wisdom.ts","F6E0C4CAD06A54755157258AD7979390C274F3D1E2A9B8143344A2CEA9DBF162","baseline inventory; not a per-line review claim"
"apps/server/src/content/packs/cc-chicken-and-millipede.ts","66F0E878DE83C51524E556F3EFD2F2EA2A62788C72EE8B3B48C1B5C6409EC95B","baseline inventory; not a per-line review claim"
"apps/server/src/content/packs/cc-first-man-and-first-woman.ts","242A6E2FE5835F842B62F4F0CDFE2BC817237D847A22D7D668B29CA83D320004","baseline inventory; not a per-line review claim"
"apps/server/src/content/packs/cc-fox-and-rooster.ts","B7F5FE1450CBCB9E2722ABA7FD2540F48BD8788E5240FFE0A17F2007B1BD4885","baseline inventory; not a per-line review claim"
"apps/server/src/content/packs/cc-friends-become-enemies.ts","4D03FF41FDB53543625CCD47E9F44E4E1A9D7C53DBCA97B5022B80E4EFA2D559","baseline inventory; not a per-line review claim"
"apps/server/src/content/packs/cc-greedy-kiundu.ts","44141B7D7F9CB76D06F89A76DFFB86DF4CE8FDB3E541CDB030A2308ED82F02FA","baseline inventory; not a per-line review claim"
"apps/server/src/content/packs/cc-hare-tricks-elephant-again.ts","659DE65C645210CDAC5C69E285F0105B9F9692663EACAD208B01A01782088B4A","baseline inventory; not a per-line review claim"
"apps/server/src/content/packs/cc-how-ant-saved-dove.ts","1C8A720B39B8FADF899D546A266113F9257107A0E01639A5C9351B81F01E700D","baseline inventory; not a per-line review claim"
"apps/server/src/content/packs/cc-kekes-swing.ts","57552BD0E38F1560FAEC0FB9F3975B8AFDF0B31F8D29E7BE48A3E8E265DC6DB5","baseline inventory; not a per-line review claim"
"apps/server/src/content/packs/cc-khayanga-and-her-gourd.ts","F61AD3DA5FBB3F60F9411FA4F48FC6A6D90D7D5F419D3BD3FF0700FB6808427B","baseline inventory; not a per-line review claim"
"apps/server/src/content/packs/cc-letter-to-mum.ts","E1F8C55A2A1FABD65653FCC79D7EF86BA33BB935282D21F436038AB81393D513","baseline inventory; not a per-line review claim"
"apps/server/src/content/packs/cc-monkey-and-the-hunters-wife.ts","CB9E8F89AFC2A5E3CBE1FCF82EF44347D3847807A58D1B786EBF27E90DB2A42C","baseline inventory; not a per-line review claim"
"apps/server/src/content/packs/cc-monkey-eats-his-own-tail.ts","0066D94DDA00E973D9A81A10A6EE85759EA3A2AACFEE8B03581AA9E9090DBF1D","baseline inventory; not a per-line review claim"
"apps/server/src/content/packs/cc-namoratunga.ts","3C51F19F1A0E4C6368EBA4CFE975F15EA8EFAB47568458157A17C9F9AC0A6972","baseline inventory; not a per-line review claim"
"apps/server/src/content/packs/cc-nanus-taxi.ts","6696ACC4979C4FF20A5D823938E81901507591EED10D136CD65DD2C5856349D4","baseline inventory; not a per-line review claim"
"apps/server/src/content/packs/cc-one-hot-saturday-afternoon.ts","648F4BEA06254C17A74711B8B2F6380259C9BEE25B00983AFE1296CB5D566D72","baseline inventory; not a per-line review claim"
"apps/server/src/content/packs/cc-sly-jackal-tricks-the-silly-donkey.ts","3FEA70240A5409755DB520D31E6134D415BC893AC88487E498DF173E41BC20FD","baseline inventory; not a per-line review claim"
"apps/server/src/content/packs/cc-the-boy-who-would-not-listen.ts","97E11093BD2B2E522C5DB2B7A2054B36CB4AB0C9744D2D6BDD461E648C585D6F","baseline inventory; not a per-line review claim"
"apps/server/src/content/packs/cc-the-clever-jackal-and-the-foolish-crow.ts","A42895B6336BB901FECFB8F9CB9F489ABF8D68613A03892559F254A6960E2B50","baseline inventory; not a per-line review claim"
"apps/server/src/content/packs/cc-the-jungle-school.ts","FB731FDDD03B556817ABE56459DF02D33D0B522B6C19DFA2BD7172BB20B70A0E","baseline inventory; not a per-line review claim"
"apps/server/src/content/packs/chinfairy-wilhelm.ts","194284491B4F011E01BD189EDAA1C0C35F95090BDC8CC64F8B4393823340330C","baseline inventory; not a per-line review claim"
"apps/server/src/content/packs/en-nonsense.ts","9A27E856D143BF3C18229B68D2766558A0BFB8BC04B94F17B14D4B8D8B180C4E","baseline inventory; not a per-line review claim"
"apps/server/src/content/packs/en-nursery.ts","CE4D2594E49972EEF4099A9E950B0F7C778E698EA3FB626DF730AC730161BDE8","baseline inventory; not a per-line review claim"
"apps/server/src/content/packs/en-verses.ts","1C8348048E75E481C8321AE3734B35450043BF84F79F4C69279014C1EB37B41F","baseline inventory; not a per-line review claim"
"apps/server/src/content/packs/en-wynken.ts","B031B5349C685BA142679D9A6251493EB49C65639286E9518DC5E49DCC083368","baseline inventory; not a per-line review claim"
"apps/server/src/content/packs/essay-fengzikai.ts","0D8CEFFF0099DE5BD98437080E45CD4D03EC615745B81EC0C75F38B6D8CFE965","baseline inventory; not a per-line review claim"
"apps/server/src/content/packs/essay-lao.ts","EBBE46B10F6675B248BF6EDAC22915499B1B1AF8C4909B39FC535494396CF44B","baseline inventory; not a per-line review claim"
"apps/server/src/content/packs/essay-luxun.ts","24864D9D7A898619D9B46D9EDD8C63CD25B9D118996DEC202ED08EFCF1D6EB6D","baseline inventory; not a per-line review claim"
"apps/server/src/content/packs/essay-xu.ts","5DA4FA27BABFF006CD9D49A69C6DA9EEC433A86A39BA9675BA7DB3F00A74F152","baseline inventory; not a per-line review claim"
"apps/server/src/content/packs/essay-zhu.ts","EE98DA8FAA82F38BB89B21B5F6242F2B7854B34D62F32060BAB93CCF5CBE3728","baseline inventory; not a per-line review claim"
"apps/server/src/content/packs/fengshen-nezha.ts","CC14381B3EC881E299D3C4308892B098C6B2A21E14F1641CC615F27491097BE9","baseline inventory; not a per-line review claim"
"apps/server/src/content/packs/festivals-chinese.ts","A7C4C395F0EE90A0E42795EE8A2A76DBCCDE85AF782798D4C7A10A9F2F5BAFF3","baseline inventory; not a per-line review claim"
"apps/server/src/content/packs/folktale-baishe.ts","F743A02858837D7967950794515FA4D0849911D4CA41F414AA57D7D66AAA6DC4","baseline inventory; not a per-line review claim"
"apps/server/src/content/packs/folktale-baoliandeng.ts","1CA9F32F96385167C03CFF0EDB3FCDB506CBC7B6C01F633FC35ADFA2DEAF51DD","baseline inventory; not a per-line review claim"
"apps/server/src/content/packs/folktale-baxian.ts","A351DC5634A4C5126D68449C5729A34C376D91FF0524F593E1959F5AB5D327F7","baseline inventory; not a per-line review claim"
"apps/server/src/content/packs/folktale-cowherd.ts","EA241469FCB4038C54276E147F870A4DA92C07C3F1021A9BC90944FFDAE52BB8","baseline inventory; not a per-line review claim"
"apps/server/src/content/packs/folktale-liangzhu.ts","CCE3CE9A6D16B6E3AC4FBF4F16CC77FF51AA60A306355C8DD8021E7185C44168","baseline inventory; not a per-line review claim"
"apps/server/src/content/packs/folktale-luban.ts","0818E71487DC7BEB4FAF07AA433AA274D99B64B6BEEEA06F6583DD6235DBD645","baseline inventory; not a per-line review claim"
"apps/server/src/content/packs/folktale-mulan.ts","A215E8DDBADAED884119085E743F76C99C61C09A83E86F18251F204A794A9ECB","baseline inventory; not a per-line review claim"
"apps/server/src/content/packs/folktale-nian.ts","247D041338E280A7D12F2530767EFBDCCB22E03CCF76EBE0532B46BA44FF949E","baseline inventory; not a per-line review claim"
"apps/server/src/content/packs/folktale-snailgirl.ts","9B67508A4DFEE24DB1FFCE96E7B6AD08CCB1E5A642B840767580B2764DD3133E","baseline inventory; not a per-line review claim"
"apps/server/src/content/packs/folktale-zodiac.ts","11E502758A8824644F11A1C62A7EA3C4330349177811360AD14D06EDFC975487","baseline inventory; not a per-line review claim"
"apps/server/src/content/packs/gruelle-raggedyandy.ts","B78326861EB9D30D6CF28F31F8B10C24127916AF31574D13370185F61B04C29A","baseline inventory; not a per-line review claim"
"apps/server/src/content/packs/gruelle-raggedyann.ts","60B4F10FF5531839C043842E9BCBD277AA8AB0337D03AAE66758D7C46ED3CF71","baseline inventory; not a per-line review claim"
"apps/server/src/content/packs/harris-remus.ts","355F511B25EBD51BD1C2E13843BD1D1952511C9C0E82A8E665CA252CEB43C333","baseline inventory; not a per-line review claim"
"apps/server/src/content/packs/heroes-diligent.ts","7D180340470D4035EEF8AC8170041CA2A8576C1C407391A1E2EFEB67D74BB79D","baseline inventory; not a per-line review claim"
"apps/server/src/content/packs/heroes-virtue.ts","505F6EB94D6A427C337C0465A8C03070BD86D38493A4258683001DC5FD9BE93F","baseline inventory; not a per-line review claim"
"apps/server/src/content/packs/heroes-wit.ts","F550A3FF06A5D8E3B95DAE39B7032F2730D8315D7DBCAACB3A672959F55F8EA7","baseline inventory; not a per-line review claim"
"apps/server/src/content/packs/honglou-dream.ts","F8BFA7099EA29EC13CD1406C1EB0CB187A8AD6538354D43AC6331DADA59F50BD","baseline inventory; not a per-line review claim"
"apps/server/src/content/packs/idiom-animals.ts","1E36893AFE270476DDAB413001AB53E268C215044BE789FF646BFEBF67B33EDE","baseline inventory; not a per-line review claim"
"apps/server/src/content/packs/idiom-courage.ts","0A0F6113A5E7B2E572C379577B0C5BC4E557615B81EF0B135141357B1ABB8642","baseline inventory; not a per-line review claim"
"apps/server/src/content/packs/idiom-honesty.ts","04336E3DB3E12F6838FB4E70B71D737646649D29D5765DA018C1BA9B2B56F275","baseline inventory; not a per-line review claim"
"apps/server/src/content/packs/idiom-plants.ts","BD06C793A1CD7A397651F989826CB3E9DAA18F32469694DB232F9209244F0A3C","baseline inventory; not a per-line review claim"
"apps/server/src/content/packs/idiom-study.ts","1CC0E44CB01AC33D24559E7C810E6AEAB9636EEACDB8DCC852146F8682D623B7","baseline inventory; not a per-line review claim"
"apps/server/src/content/packs/idiom-wisdom.ts","3E1859EF7C85483E913734E302440ABFD06D5AD455CF66C0EADD23696928EB20","baseline inventory; not a per-line review claim"
"apps/server/src/content/packs/index.ts","D48C2AF72258458BDED4358D44BA934CA2C5CF8B00C10300FFC834229EDEA2AA","baseline inventory; not a per-line review claim"
"apps/server/src/content/packs/jacobs-english.ts","F1B25512EDD097002CC2E91D73B077BE2F1BEA82028783B97817524A0A9944CD","baseline inventory; not a per-line review claim"
"apps/server/src/content/packs/kingsley-waterbabies.ts","D380B00D887D3520FF2A1EF17E5B66CFF022D881273375093EE1B57676595644","baseline inventory; not a per-line review claim"
"apps/server/src/content/packs/kipling-jungle2.ts","D0ED656CFA41C8D67E45C8A751F1CEFB8F12753461590D48C0E8B47B527ED47A","baseline inventory; not a per-line review claim"
"apps/server/src/content/packs/kipling-puck.ts","0E93FB970487BBD767E37C61E3E074655BEE4086D6A0F0B99E9DC211AA9E3088","baseline inventory; not a per-line review claim"
"apps/server/src/content/packs/lagerlof-nils.ts","A628A1F76E5A42A3D5AAEC7FD6256A9BB7B881ABF2216DCEC9C620A70820B18E","baseline inventory; not a per-line review claim"
"apps/server/src/content/packs/lang-blue.ts","EBE95C39D800EF097A1B9C01F7BB07C9195ADE80089B5D1EE9030BA847F7F9DF","baseline inventory; not a per-line review claim"
"apps/server/src/content/packs/lang-red.ts","0B9F61D2D5221C1CBBFB12145B146D62C113EF267F5F6534B074A21D51AFE7A8","baseline inventory; not a per-line review claim"
"apps/server/src/content/packs/lang-violet.ts","7A00FFFA887641437289A269B97E93B982E934D98F9B6B095EA14E5E7563CAE9","baseline inventory; not a per-line review claim"
"apps/server/src/content/packs/liaozhai-tales.ts","934657CC71697F7DA62815C78DFCBD7CE82FCCBC310BC2571FE31B58EBC745B9","baseline inventory; not a per-line review claim"
"apps/server/src/content/packs/macdonald-curdie.ts","E4F5CDEA7FE5CF72B3B2D2E9D0932D490D5823D57B49EEA76E80CE1D4C84EF08","baseline inventory; not a per-line review claim"
"apps/server/src/content/packs/milne-nowwesix.ts","916707E9343FD412D1DCAC22BDBC23ADF93A8E705222FA3CB35745DE43084A61","baseline inventory; not a per-line review claim"
"apps/server/src/content/packs/milne-poohcorner.ts","62DE5D027A80BD56EE33C29668EB7AD401DDB94B2CEE095A8F5385E817ECA8AD","baseline inventory; not a per-line review claim"
"apps/server/src/content/packs/montgomery-avonlea.ts","838057AB0CAF2480DA958FC79412CECA9ED67F5D8C4162EBC50DF08A529C3C2B","baseline inventory; not a per-line review claim"
"apps/server/src/content/packs/myth-chang_e.ts","2FEAA04DFA222D21F9F2195EA01014E5A144923E0003C0521330581DDE59E848","baseline inventory; not a per-line review claim"
"apps/server/src/content/packs/myth-dayu.ts","FB0DE8F3CCDAFF2E9C45073481ADD903CAC319A239BB2BC503D169CD69A504C4","baseline inventory; not a per-line review claim"
"apps/server/src/content/packs/myth-dragon.ts","13D5DA08605427F63304AB246606380902D68256023E2E7A7ED47DC7DA209B16","baseline inventory; not a per-line review claim"
"apps/server/src/content/packs/myth-houyi.ts","068704F56980A56C636D0DA56924A88F900DC8CE59DF6B591D27AE661FF26C8A","baseline inventory; not a per-line review claim"
"apps/server/src/content/packs/myth-jingwei.ts","F8B2A78709D40E2AC05A9A4C9DEB2C4A5D09417DF66BE8ED37C3288B5D7D4028","baseline inventory; not a per-line review claim"
"apps/server/src/content/packs/myth-kuafu.ts","7A749E10F3BAA0733683C6D4935C8DFD7410A59A515D381D61913D4AEAB092EA","baseline inventory; not a per-line review claim"
"apps/server/src/content/packs/myth-nuwa.ts","A6520C29B2F0FA899768AFEACC47CBA068F4CC240B096B9C000459A954F17AE8","baseline inventory; not a per-line review claim"
"apps/server/src/content/packs/myth-pangu.ts","DB35F232C242D8707B302CFF365B6714645B2AC9E7DB26B1F93F8E013F399AAE","baseline inventory; not a per-line review claim"
"apps/server/src/content/packs/myth-shanhaijing.ts","393641AFA2AA5830DBDA68E728C7E1D3C9EF1D734B182E0102A4D9AD2869EA4C","baseline inventory; not a per-line review claim"
"apps/server/src/content/packs/myth-yugong.ts","087E96BD329B5E530A03F12AE1289A13F3143DAF78C8F113E83FEDACC30A6483","baseline inventory; not a per-line review claim"
"apps/server/src/content/packs/nesbit-amulet.ts","F2D6319DE950AC152775E64D78C61757F9D49BF5E1C498AF23238C35DBF3D823","baseline inventory; not a per-line review claim"
"apps/server/src/content/packs/nesbit-arden.ts","307B2DB93FDD43595C1CFD43FD6E5A34FBC3AB05314FCAFC1F74E9436B3AE324","baseline inventory; not a per-line review claim"
"apps/server/src/content/packs/nesbit-enchanted.ts","707FEDD15AF7CD6CA2F08CC7D62EA138B464A268107C1D8EF17AA06A798B72BA","baseline inventory; not a per-line review claim"
"apps/server/src/content/packs/nesbit-phoenix.ts","3114E82E9E387BEA09BBE963E6AD237086F4E78BE00DDCF20BBC93347E433F1E","baseline inventory; not a per-line review claim"
"apps/server/src/content/packs/original-backpack.ts","9DCEE039965141F8F01763CA955A1F952293A9A7B96E31C696B1AA17F652144F","baseline inventory; not a per-line review claim"
"apps/server/src/content/packs/original-cottoncandy.ts","B54FE478E8DDDA6844A2A24DE501F44F099D266F9A1C472F601363FF81E28772","baseline inventory; not a per-line review claim"
"apps/server/src/content/packs/original-fireflylamp.ts","B3F74CB16DFC1790C287A961160371E6E85152DC2FFC6AE5D18791D043D08076","baseline inventory; not a per-line review claim"
"apps/server/src/content/packs/original-firstday.ts","32F71BC12079FA442383795F0A5381375BDA1A95FE14D15AA37D9AE4A323C944","baseline inventory; not a per-line review claim"
"apps/server/src/content/packs/original-goodnightforest.ts","D91D633030B557A07093211B20C19A8C002EACD299B286F957F4DFEACE2BB5BC","baseline inventory; not a per-line review claim"
"apps/server/src/content/packs/original-hugmonster.ts","772D2E2A414D785314F50DF898550C2D2DB58F6D1B12F4E172AF25C7867F2C21","baseline inventory; not a per-line review claim"
"apps/server/src/content/packs/original-losttooth.ts","1003AB344866D3D8200D6333268D34003E1E194E195327207FA4398F608BFB1A","baseline inventory; not a per-line review claim"
"apps/server/src/content/packs/original-magicseed.ts","73FBFD23B687F0FD9F340646770E870368BC4DCDA3C3CE6E1A7215A3A4871C27","baseline inventory; not a per-line review claim"
"apps/server/src/content/packs/original-moonboat.ts","1CFF0D30F134C7FACF6D3CCB02A526931EAAC0628D95463A8BF7787E10DD571D","baseline inventory; not a per-line review claim"
"apps/server/src/content/packs/original-rainbowumbrella.ts","BF8C0D1170218D8783966F6867E5572DF1AB9DDE81B9C6B6639B9B0CCFBED4DE","baseline inventory; not a per-line review claim"
"apps/server/src/content/packs/original-starshop.ts","80C1FDC8F6233A033C326B463368A74D9D65C0431121E62FBCF5F2EC29DB0407","baseline inventory; not a per-line review claim"
"apps/server/src/content/packs/original-turtlerace.ts","DB6C14177317E4E0C5354CF65628DC30E209F197B28F4FB33A7230864BD523F3","baseline inventory; not a per-line review claim"
"apps/server/src/content/packs/original-windkite.ts","AD446F81E390409B99F75E77FB8DF1CA083761DB8637BB67052B542AB56B19AE","baseline inventory; not a per-line review claim"
"apps/server/src/content/packs/oz-dorothy.ts","22F923154FAF23A21C450C37882CB08718DAD1FAE1C6432062E363947392025F","baseline inventory; not a per-line review claim"
"apps/server/src/content/packs/oz-emerald.ts","3344DDF71E776BE96630005EE0E6440A56923A45A2F1F063A48C9E86D9DAE27E","baseline inventory; not a per-line review claim"
"apps/server/src/content/packs/oz-glinda.ts","BF5968329ACB9260C71BEB1E418A327D7523E891BB0814ABEDDAA1821CE56E18","baseline inventory; not a per-line review claim"
"apps/server/src/content/packs/oz-lostprincess.ts","0A3A3D17DF1EA34BA1FBF7077F01FB63BC818AA5ED001C48497C9F9A2E92D424","baseline inventory; not a per-line review claim"
"apps/server/src/content/packs/oz-magic.ts","7B5F4AFE41D6F22B9DD2639A885358B15D94BD7F23BD99314C9469E055538102","baseline inventory; not a per-line review claim"
"apps/server/src/content/packs/oz-patchwork.ts","6BC7BDA1FD7F69E3095732B6C8FF07D0191062B45D659B314A124F744F09CF42","baseline inventory; not a per-line review claim"
"apps/server/src/content/packs/oz-rinkitink.ts","E05E81A637A24768152314A4718FE019901DB4209DD270790C327E146C6CFF24","baseline inventory; not a per-line review claim"
"apps/server/src/content/packs/oz-road.ts","C29C4655EF8AE3ABA924FB8FEC5B6772FB341A724C21C34E1070B27DBF387903","baseline inventory; not a per-line review claim"
"apps/server/src/content/packs/oz-scarecrow.ts","3A1F0871D0275F66589097815270226F6C92FBDDE3B15B13712C351ACABA5843","baseline inventory; not a per-line review claim"
"apps/server/src/content/packs/oz-tiktok.ts","E0F5BD7A135727E806BC7A049654EA1F3BA72D15B6C092089D305BC3AC3C11DE","baseline inventory; not a per-line review claim"
"apps/server/src/content/packs/oz-tinwoodman.ts","4D43BFDCE0E8B77806A87EE7169E3DDF1981DB9FF44F849106CC49532AF4E959","baseline inventory; not a per-line review claim"
"apps/server/src/content/packs/ozaki-japanese.ts","80267C2283EBE8B0B31892A3E4BC51B1ECC3F5A392A6FADC3059047DD0B03AD1","baseline inventory; not a per-line review claim"
"apps/server/src/content/packs/poetry-children.ts","F4B1AC8F399B4C81E1BD25A978135079CF83E9948504ED52610A2629531B24AC","baseline inventory; not a per-line review claim"
"apps/server/src/content/packs/poetry-children2.ts","D2E85916EE48AB4125F4111B6768DB503DEC59407ED14717EAD8D7379B0A94AC","baseline inventory; not a per-line review claim"
"apps/server/src/content/packs/poetry-dufu.ts","A1F9B855FD317DFD7D328A23493BF4D0C9307D7604F1E89A39DB8783B67C5093","baseline inventory; not a per-line review claim"
"apps/server/src/content/packs/poetry-libai.ts","F5B4EB4ACCDCD4AA3C0BCEB45123E43AF7F9D97571BD0F6B95C4A75B418128B4","baseline inventory; not a per-line review claim"
"apps/server/src/content/packs/poetry-pastoral.ts","CA17FD165F61DEAC360933241FDA852B4ACF64B00A74A56BB67E529EAC93A417","baseline inventory; not a per-line review claim"
"apps/server/src/content/packs/poetry-qianjia.ts","F0CA5793AB5462F3A6FE23AEA86411DC2B690AA583FE5E4800C1E3C9E04FDAB0","baseline inventory; not a per-line review claim"
"apps/server/src/content/packs/poetry-scenery.ts","B469C4B9245E0D38468A743823525E6F3EF281BF95A5487C49429715D70E5D6E","baseline inventory; not a per-line review claim"
"apps/server/src/content/packs/poetry-shijing.ts","22C87D61E18C9B8F52F6562C7141B7471C65F329834A95B2AAD10C6AA6D55E74","baseline inventory; not a per-line review claim"
"apps/server/src/content/packs/poetry-songci.ts","D55881FD820124E7855EF18F7B47BBA1381C2787F31534ACA73CD2AE3472A099","baseline inventory; not a per-line review claim"
"apps/server/src/content/packs/poetry-tang.ts","F4D53274655B2DD1BA9CFD3C75C8808892349829B4B9E7084A3A2E37DE744572","baseline inventory; not a per-line review claim"
"apps/server/src/content/packs/poetry-wangwei.ts","FAAD4B27F7638B83386BA9F36F0D5A47C33DD689DE9A1FC1F5D8F2029AB14B07","baseline inventory; not a per-line review claim"
"apps/server/src/content/packs/poetry-yuanqu.ts","BFE230B6AAC3B272177D25359AEF900EF79FB2E16CDFA757B9FEBBE7AD4BB129","baseline inventory; not a per-line review claim"
"apps/server/src/content/packs/poetry-yuefu.ts","BA67DF39D0A41FD1380FD6A67FD73360E7D8B25DC67445FFA5719ABA9AEE8746","baseline inventory; not a per-line review claim"
"apps/server/src/content/packs/porter-pollyanna.ts","9736F08BDAE7664EC8B58A45C65083B5EDEF072FF2A499D7F585136E9E733B34","baseline inventory; not a per-line review claim"
"apps/server/src/content/packs/primer-baijiaxing.ts","1D4E761915F8602788F252A3F88255D1296793CE10C9E434DD53B2C18402A2A4","baseline inventory; not a per-line review claim"
"apps/server/src/content/packs/primer-dizigui.ts","1ECDD795FB3654EECD47128CD19479D34B2157D1E65449407B37E681F40E64FA","baseline inventory; not a per-line review claim"
"apps/server/src/content/packs/primer-mingxian.ts","7E1CED5C61405B77C85162F8A0D6FA8A6B116626F3219F71359E0E07EB99962B","baseline inventory; not a per-line review claim"
"apps/server/src/content/packs/primer-qianziwen.ts","E635F6D23F19A918E77EC14A8F31D93DF93BB2FC81F49F4DD98B1D190BC6E51D","baseline inventory; not a per-line review claim"
"apps/server/src/content/packs/primer-sanzi.ts","571591106A9B8B134105F1CAC3221164F62CF353E0A937EF83D3EEE651155B2D","baseline inventory; not a per-line review claim"
"apps/server/src/content/packs/primer-shenglv.ts","EA055ACD0F30D9911C662D022CC8174E3140AC30C9D4E669EEFB9154443972BD","baseline inventory; not a per-line review claim"
"apps/server/src/content/packs/primer-shenglv2.ts","EDD5A5D95C706100290439EB0A9B516EE2EC978BCACFF3B564E65C851EB99AAE","baseline inventory; not a per-line review claim"
"apps/server/src/content/packs/primer-youxue.ts","30EE120FE514E5E3F86A17B960C39E9FFBD7F206DD088BDE87A5B037AED7779F","baseline inventory; not a per-line review claim"
"apps/server/src/content/packs/primer-zengguang.ts","07C825199BFEE77927E92996CAC1181E35B90284950A45CACC2476B8F36B90D9","baseline inventory; not a per-line review claim"
"apps/server/src/content/packs/primer-zhuzi.ts","3E89D2CBA170BF1FC49C8B29448F9F11F41C4137D2AEEC8AC9BBD5F899316FB2","baseline inventory; not a per-line review claim"
"apps/server/src/content/packs/proverbs-chinese.ts","F3DC3E9F69924C0DEF9020ABB7361842506A3900DC8543202D20E99CAEE5EF5D","baseline inventory; not a per-line review claim"
"apps/server/src/content/packs/rossetti-singsong.ts","26176D80569D7389BC1B4ED6E3FA41352D6EA60A72FD2282C4B2866BD52FB465","baseline inventory; not a per-line review claim"
"apps/server/src/content/packs/sanguo-journey.ts","C8A05EC324823AA8588EB6BED4A4F49D80BF4E5662BF2BBE4CC543464BAE7D25","baseline inventory; not a per-line review claim"
"apps/server/src/content/packs/shuihu-heroes.ts","E9B492A7524BED3AE4CB440F6AD17041168654FD809A247C0C55C660F90755F0","baseline inventory; not a per-line review claim"
"apps/server/src/content/packs/solar-bedtime.ts","4AE48B2D67B22E12F76584956D6C98A09498A88FF14D07B825ED6F3964C69CEF","baseline inventory; not a per-line review claim"
"apps/server/src/content/packs/stevenson-garden.ts","724115E866E4BCA3B64164B5656EE1F9CA6A71037C4C744C3BB3E975D3DCFE77","baseline inventory; not a per-line review claim"
"apps/server/src/content/packs/story-fable.ts","F3BC4A7A8657834DBA03A01CD01FA02D215F42926345D44D93848A57BB8A8FAE","baseline inventory; not a per-line review claim"
"apps/server/src/content/packs/story-xiyou.ts","66984177236E007065C17725BD46A3F78D5641C7FFE438820CFFDA705827A2AE","baseline inventory; not a per-line review claim"
"apps/server/src/content/packs/tale-aesop.ts","08C2CAF46427D667F56B8B807770A2A4924C07E92D40864EE57AC943773D33BE","baseline inventory; not a per-line review claim"
"apps/server/src/content/packs/tale-alice.ts","900DE5A68BF5BDEFB31F668054C3CA8BBD73F9A1202268C6DD1927C3B5DBBA99","baseline inventory; not a per-line review claim"
"apps/server/src/content/packs/tale-andersen2.ts","18E89175C0581E1CC621FB7DD8EB814396CDF2523897A88FAC2529E02FB5BBB2","baseline inventory; not a per-line review claim"
"apps/server/src/content/packs/tale-anne.ts","23EA70E6FE154D86AE951B3949F9D6A1B2AE290222BA970369BB5A82258C4B0D","baseline inventory; not a per-line review claim"
"apps/server/src/content/packs/tale-appleydapply.ts","7D0F22385C4413084F4A9BFAFC699045A2B4487517823F6237FD1BC0109D2912","baseline inventory; not a per-line review claim"
"apps/server/src/content/packs/tale-badrabbit.ts","6021D4155E6EEBD7A1CCA8C02137801332F93A288A0CDFAFCF3C653EC30D2C13","baseline inventory; not a per-line review claim"
"apps/server/src/content/packs/tale-blackbeauty.ts","6894A88B512D996B536FD7C761EE9F35F30A2AA548F334EF21D09A75BC78B4B9","baseline inventory; not a per-line review claim"
"apps/server/src/content/packs/tale-bremen.ts","5EE71D5816E6F6A8DDF1BDA4C7539F3C44FB402F72E1A26F3075DDE9E727F236","baseline inventory; not a per-line review claim"
"apps/server/src/content/packs/tale-cecilyparsley.ts","41BAC454F1F1308CFF46A43895073818CA3269ED1C4BF26F67DF45DD4DA2AF41","baseline inventory; not a per-line review claim"
"apps/server/src/content/packs/tale-cinderella.ts","9B777E49953D68D36A5FF4DD979A3C38740A32B188A630DB8551EDABCEBD12E8","baseline inventory; not a per-line review claim"
"apps/server/src/content/packs/tale-dolittle.ts","4013D6414845E76C229504FEDAD322D481DF697FE118C0F2D5BE67F7F84C94DC","baseline inventory; not a per-line review claim"
"apps/server/src/content/packs/tale-dolittlevoyage.ts","F271C676A25600B13411F8811330BA966819C8B188CBC461DDCF547A16A73455","baseline inventory; not a per-line review claim"
"apps/server/src/content/packs/tale-duckling.ts","1815BD24DE539A31A7432D37F36E6C9A0361C8760863BDBF5CC1CCA0E46B2483","baseline inventory; not a per-line review claim"
"apps/server/src/content/packs/tale-emperor.ts","901C6A1B93BB9E7A142156C498104B9F3798DA2736442868EB380C4EB703711E","baseline inventory; not a per-line review claim"
"apps/server/src/content/packs/tale-fivechildren.ts","F491C40FDE63105B9F70B7F384C55964805FF2ADF2825D3016E55D81D0D64359","baseline inventory; not a per-line review claim"
"apps/server/src/content/packs/tale-frogprince.ts","36475155446D7804EA26DA25ACD78372642F36C9330145FC56FE577B1E9C1DF0","baseline inventory; not a per-line review claim"
"apps/server/src/content/packs/tale-gingerpickles.ts","28D942D4DA8F9BEB810DBB473FFD98209213C1F4A64FC2E6DDEDF3C357D1EC60","baseline inventory; not a per-line review claim"
"apps/server/src/content/packs/tale-goldilocks.ts","3E7DA8367AA3CAAA2AD2E23B2E6FD90D27A06BD017E3C1B1DE82261698797383","baseline inventory; not a per-line review claim"
"apps/server/src/content/packs/tale-grimm.ts","CEEF4257FF900B8057B21B19E5C83A0A0F531EA7D85806D8339F297EF4AEBDD6","baseline inventory; not a per-line review claim"
"apps/server/src/content/packs/tale-grimm2.ts","BCC59426552A8DCED6E880D8B3AF9F13ADF1137916F6009E2814C4CB449EBC78","baseline inventory; not a per-line review claim"
"apps/server/src/content/packs/tale-grimm3.ts","1AA3A269443523BF8D3706B534795DC735CE0C1252DC1C3829280EBDF4A4312C","baseline inventory; not a per-line review claim"
"apps/server/src/content/packs/tale-gulliver.ts","EE84273454679C03795E0B3460CF93CA8BEA99BB89D4E0112573009BE2D78D94","baseline inventory; not a per-line review claim"
"apps/server/src/content/packs/tale-hansel.ts","3D29B0896F9E4A13C9788BD8A3C439A7695CE029D16D18CD542686C3204BF599","baseline inventory; not a per-line review claim"
"apps/server/src/content/packs/tale-happyprince.ts","FE302601CA26F4893F31A97F9D66FD6B8AE9F3C6BFC1297315FD610A9D877D51","baseline inventory; not a per-line review claim"
"apps/server/src/content/packs/tale-heidi.ts","AB2EB5F4FC94786CE630F194CB9FFEC3326BF2F5F7958B6A9EB4C22D428ABC86","baseline inventory; not a per-line review claim"
"apps/server/src/content/packs/tale-jackbeanstalk.ts","B11FBFADD1363BB9FC7AC4B804C6F676C373BE15D487F757AF72057FE3B8533E","baseline inventory; not a per-line review claim"
"apps/server/src/content/packs/tale-jemima.ts","096726F2422D0AD1DCAC4FC99D01F96B5790DE6DB2863A18BEEE5608F8A85C1D","baseline inventory; not a per-line review claim"
"apps/server/src/content/packs/tale-johnnytown.ts","4ACA48B60CC737A456F5821F1B827A55C9CFE61646A2F20BFB9E5211080E6380","baseline inventory; not a per-line review claim"
"apps/server/src/content/packs/tale-junglebook.ts","40F0D6ECF3557FC9F29CAD42733560410C2E4FD5B07E799012690C664BEBD00D","baseline inventory; not a per-line review claim"
"apps/server/src/content/packs/tale-justso.ts","4D6C15220B80480EB8BA6E463E4B3AD1571CC7CEE7464CDC12907D420DBC1D3E","baseline inventory; not a per-line review claim"
"apps/server/src/content/packs/tale-littleprincess.ts","34847C176B804BA97794856D524DC9EA8EB2A3CC9DE3CC13BCB82CB7E0D1BE2F","baseline inventory; not a per-line review claim"
"apps/server/src/content/packs/tale-littleredhen.ts","FC775073315B3020BB93C5BD590CEEE5A3EEAAC0B4F5439317EEF18CBAE96F6D","baseline inventory; not a per-line review claim"
"apps/server/src/content/packs/tale-lookingglass.ts","F46F6A4BE10E82F2BF895A1B0CF8E5E21ABDC8372FBA9E24D859B3148E5CC7E4","baseline inventory; not a per-line review claim"
"apps/server/src/content/packs/tale-mermaid.ts","ADADAF889C3EF5DAE4C5713064F7CAC362434FFB6AA2939ED413FBC52374F1E6","baseline inventory; not a per-line review claim"
"apps/server/src/content/packs/tale-millionsofcats.ts","549AE2A15F271BCC7288DB274B9D8ACBFB35A53017440CA1D1AE9895A2655DF5","baseline inventory; not a per-line review claim"
"apps/server/src/content/packs/tale-moppet.ts","7740C387CD3428A4DD9EE9FD6F6E3E473982567A3BD034372AF967580E587022","baseline inventory; not a per-line review claim"
"apps/server/src/content/packs/tale-mrjeremy.ts","A843C3010A40349CC44C0A18CCBB622692ED11DDE620C40E6ED629C1263C7E63","baseline inventory; not a per-line review claim"
"apps/server/src/content/packs/tale-mrtod.ts","884C039AD43206A77065348364F9449D068FD598A7BCB4291A17A3DD256C73C1","baseline inventory; not a per-line review claim"
"apps/server/src/content/packs/tale-northwind.ts","5E7E1F84CBE71BB200E88351C4F31BEF471EEFF5797A3581CEEE7AE8327A1B7A","baseline inventory; not a per-line review claim"
"apps/server/src/content/packs/tale-nutkin.ts","E7275A5B612F667AB4D3D20A6ECD96FFD95791BEE8B463193E09C4BBC4001788","baseline inventory; not a per-line review claim"
"apps/server/src/content/packs/tale-oz.ts","FD00DF2227B5AB20133A1E13BDD3D8E7334A15C6D8C9C9D2BF46A20B9E3F05F6","baseline inventory; not a per-line review claim"
"apps/server/src/content/packs/tale-ozma.ts","42DC47AD7ED933FDCB2333939536C88FC18CA094F976145AD8892FF2F43A5E13","baseline inventory; not a per-line review claim"
"apps/server/src/content/packs/tale-peterpan.ts","79A53208F1E387B2550CA50D978CB176F5E890F5565B08660691FBCB6B69ED58","baseline inventory; not a per-line review claim"
"apps/server/src/content/packs/tale-peterrabbit.ts","9041660289E7BC2B401CACFB60CBDEED92520763920DF229ACFD33C481BE2DDE","baseline inventory; not a per-line review claim"
"apps/server/src/content/packs/tale-piglingbland.ts","758C82BF00A7ACF1818FB0E76DDC7C21DF24C293D64E16A1930E1110061B76BF","baseline inventory; not a per-line review claim"
"apps/server/src/content/packs/tale-pigrobinson.ts","FED499B4DFE4F50AC5EFF492B86E31A379AC608A3C206611129894DD74617529","baseline inventory; not a per-line review claim"
"apps/server/src/content/packs/tale-pinocchio.ts","E209F35C23E24DF02618D116E8C63C215B06BE2E0C38CC8D598AA4A68613F0AA","baseline inventory; not a per-line review claim"
"apps/server/src/content/packs/tale-pooh.ts","F00F2E25C98FE043A6D236D02DC73A01A4F613236D79E1D23B52DB906D896025","baseline inventory; not a per-line review claim"
"apps/server/src/content/packs/tale-princessgoblin.ts","14A5186F8AB4B056AD52C00EDC8A973C546D75C9B9511F2F5774A254F8EE8A8B","baseline inventory; not a per-line review claim"
"apps/server/src/content/packs/tale-railway.ts","1D59617FAB280A9D21319AFB4CB89F6A1178F57D34A76FC2B786EB9BE13C4784","baseline inventory; not a per-line review claim"
"apps/server/src/content/packs/tale-robinhood.ts","0D968710176D95B1182C3614FB487D6285E9C8168A07A3583C3FB38D4272EB2B","baseline inventory; not a per-line review claim"
"apps/server/src/content/packs/tale-robinson.ts","449B9AE7508D1A78842F94C0DD61D6FB744C4004129E440FB93B9231E72F3775","baseline inventory; not a per-line review claim"
"apps/server/src/content/packs/tale-samuelwhiskers.ts","4DD53B9A8DC1A6BC586CC7CBE411881E84A2423D15E22D59D0895983E48C8AEB","baseline inventory; not a per-line review claim"
"apps/server/src/content/packs/tale-secretgarden.ts","9BA717F05DC17CA944CCDA8135C3A669B6FFD708A848AD3F9472856B72565A9F","baseline inventory; not a per-line review claim"
"apps/server/src/content/packs/tale-snowqueen.ts","B3D2813E8B3DD9DE693A705061B9FBFB47DDAD14B37A806385F678EBCF0CD446","baseline inventory; not a per-line review claim"
"apps/server/src/content/packs/tale-snowwhite.ts","2FF5FB418ACC708C40DFA1AA38F0A975A9F7EB6071559BDF10AD8F8FCDF84C96","baseline inventory; not a per-line review claim"
"apps/server/src/content/packs/tale-tailor.ts","C6CCBCF76D8E4FE9772DBAAA29D1AA75F0A269E3B24487DBEE4F79361E625DA2","baseline inventory; not a per-line review claim"
"apps/server/src/content/packs/tale-tanglewood.ts","7324F33704C2102617316EED6E8E8A50AA3637BD550F0E8D35D64FB03D5FDE58","baseline inventory; not a per-line review claim"
"apps/server/src/content/packs/tale-threepigs.ts","1FA2401C75ABF3F2C6747BC0F5C94A9AB74E270915B5ED110A4AD65194CBB667","baseline inventory; not a per-line review claim"
"apps/server/src/content/packs/tale-thumbelina.ts","A863E586C14FC24E7C8F16B452A646127D6504001F6CB7483CDE824E4B40A3D6","baseline inventory; not a per-line review claim"
"apps/server/src/content/packs/tale-tiggywinkle.ts","05AA4830FFBB4E1927144D084805135E8DDFAE7FB37B5CDFCF535C10710AC4D7","baseline inventory; not a per-line review claim"
"apps/server/src/content/packs/tale-timmytiptoes.ts","A82FF46A8629B8A072916E249B89876D793012BDC8A63B6E2F8F93B0260DBD20","baseline inventory; not a per-line review claim"
"apps/server/src/content/packs/tale-tomkitten.ts","616197A01239ABFEAF6223F0449C39D7604CB2F6005566AA5F4F1CD6118BEEAD","baseline inventory; not a per-line review claim"
"apps/server/src/content/packs/tale-tomsawyer.ts","4EB16AA3DABBFA8ED6888F5FFE89D8B1E1EC8A83A98D55365037F0BA0F0833A2","baseline inventory; not a per-line review claim"
"apps/server/src/content/packs/tale-treasure.ts","93381B06CE5EBF102B4112EFE2773CF6DBDEA8B2FF6D6B588C11FB977D54A2ED","baseline inventory; not a per-line review claim"
"apps/server/src/content/packs/tale-twobadmice.ts","1AA357D3BF56AF4BB01B9DBC73E07A44AAFBE6ABCF43091A563E7ED36EF790AE","baseline inventory; not a per-line review claim"
"apps/server/src/content/packs/tale-velveteenrabbit.ts","7640FB29C259D23F6F541A8352F33A5DB58001EC2E91BFFDF08C43E88F433E76","baseline inventory; not a per-line review claim"
"apps/server/src/content/packs/tale-windwillows.ts","67E432948B335AC2A857E27FF1B94C8B03FAACF5BD4DC7607EE979F093C7A760","baseline inventory; not a per-line review claim"
"apps/server/src/content/packs/tale-wonderbook.ts","5CDBD67D987D2AED16CD0B18F4A0E34EE9BCBAC883A11BB06299FB0E3AD91568","baseline inventory; not a per-line review claim"
"apps/server/src/content/packs/twain-pauper.ts","67CB4EECE0E8B94189DEBC5C854F887F4F0AB95F7767D4EE2E2DB2C2BAA5A92E","baseline inventory; not a per-line review claim"
"apps/server/src/content/packs/wiggin-rebecca.ts","385CE193BCD330CEEA1BD564DED5D9EEA089E49561A6132230F5B2E2DE099677","baseline inventory; not a per-line review claim"
"apps/server/src/content/packs/xiyou-bonewhite.ts","B3316956F2D19FAE09EE77559555C1EAAAF1A8D1338B1BC632C6E36B2DFF50AF","baseline inventory; not a per-line review claim"
"apps/server/src/content/packs/xiyou-wukong.ts","803C947CF3BF5712C8935CDC6F0AF722265E851639519DC19AB102B48D460DB1","baseline inventory; not a per-line review claim"
"apps/server/src/content/routes.ts","1EC58533E4724B7617FFC40DFAC72F689A62C93172A15748D156438C974BF4BB","baseline inventory; not a per-line review claim"
"apps/server/src/content/seed.ts","F6DEEB6998699E9591AFD0D1B4FA1AF418B499A98B7848A4F47D05D9FC947FA5","baseline inventory; not a per-line review claim"
"apps/server/src/content/service.ts","59D203036C9F2F4B8771F79C1A2A7BF195809B2241603D5E5FFB704741D3A2EF","baseline inventory; not a per-line review claim"
"apps/server/src/content/types.ts","81CC64B1EF054E842BA25B8A406B8E8A95B5B141C0A3AD8446E4829DBF2E4EC7","baseline inventory; not a per-line review claim"
"apps/server/src/demo/main.ts","A613CA6D6D3667B234E30F093DCC234C9A92E699A6E0D68CC5B941D21BB487F0","baseline inventory; not a per-line review claim"
"apps/server/src/demo/mock-gateway.ts","BE667D5E8A102D13C7F0B3F7BE4502A4803BC77EFE6F5645FB3D7E6B9A0CAEF1","baseline inventory; not a per-line review claim"
"apps/server/src/demo/seed-media.ts","220FC57B3687FEAA8D3D69355743E2BE0983386F06E01A2C64D3D57C58B1DC0B","baseline inventory; not a per-line review claim"
"apps/server/src/demo/seed.ts","4FC9CCF5BC10F843251442517921A07BA23462143C9024989CAEF23FD5CCF7C4","baseline inventory; not a per-line review claim"
"apps/server/src/index.ts","915997DC203936AE0B07C8B92990CF93B1C3419DBC185778C49D1C0E86537CA5","baseline inventory; not a per-line review claim"
"apps/server/src/lib/auth.ts","C7A5192173FA6614DC0A2007A7BC0BD639D9B011D82092DBE9521FE4A8408AB2","baseline inventory; not a per-line review claim"
"apps/server/src/lib/crypto.ts","6D6DA912E08A2FEEC11B4807E969C5B905106B734A03246658056998BA7AA23E","baseline inventory; not a per-line review claim"
"apps/server/src/lib/db.ts","325EE8EC400E3354479FA01EE528508CD8473021B274D2426AA027E096F083DF","baseline inventory; not a per-line review claim"
"apps/server/src/lib/errors.ts","DB411AB8062EE399A85AD05776FBC7BCF9C0397CFA731B2A36B8740E0E57BA9C","baseline inventory; not a per-line review claim"
"apps/server/src/lib/ipRateLimit.ts","1FCFDA5DB6F9B781B94C49FBBD5B958736A1E9DDBEE7298FE9F02A562B040BEC","baseline inventory; not a per-line review claim"
"apps/server/src/lib/week.ts","EDA3500D3F697165F8EED91BD0BE597ADB62A13B34186AB4281317269343469F","baseline inventory; not a per-line review claim"
"apps/server/src/modules/cosession/achievements.ts","C71B84971C9C9998128D5D771FA761A9F8676F92D67BEBB1A53D7DA70754F68C","baseline inventory; not a per-line review claim"
"apps/server/src/modules/cosession/nights.ts","962F3CCE6BD9C5B604D302EB383E54947807F68518C46E2C0FF4AA34297DD40B","baseline inventory; not a per-line review claim"
"apps/server/src/modules/cosession/readingCard.ts","47007AC909F06402CF714298F3B81EDB9164295649740F417D3054182BFBADFE","baseline inventory; not a per-line review claim"
"apps/server/src/modules/cosession/routes.ts","09AF83E1B7E1D2682B29B19F6BD40040AEAB39A2338DD6AF901AF070DAD1D43E","baseline inventory; not a per-line review claim"
"apps/server/src/modules/cosession/service.ts","B95CE5EF46D24EFF512AA71CD0C1A7112BA12D7C9743879F94D938A7F149315F","baseline inventory; not a per-line review claim"
"apps/server/src/modules/family/routes.ts","75B5147CD4380E23DB76C9466998E9CCDA5A8ADE646C4C799ABF7C3E72A25675","baseline inventory; not a per-line review claim"
"apps/server/src/modules/family/service.ts","B831E55798A8344F3EC46644A5E7C7F6A84F8BC242044702281D7594EE14B8F9","baseline inventory; not a per-line review claim"
"apps/server/src/modules/media/artRoutes.ts","727717B0D74198321E49E9B9352CFE70A8854B215A86A1282680E95FB62FE98B","baseline inventory; not a per-line review claim"
"apps/server/src/modules/media/compress.ts","EBD2E0C523EF5A78EB9D7915D3F1C3E7FCC9B2CCBF5C88950FEE8B0544B5E9ED","baseline inventory; not a per-line review claim"
"apps/server/src/modules/media/imagegen.ts","BAFBCC4C0CE2A90E1AA8AB346EA8772F955A06FE098761A2CEA68DE92001FFD3","baseline inventory; not a per-line review claim"
"apps/server/src/modules/media/label.ts","531DD7A0F499471083BF19EE318F8CDC457C10D2061674B331B116CCC9FCA753","baseline inventory; not a per-line review claim"
"apps/server/src/modules/media/routes.ts","E8D22A2E52A8B1E503B18D2B76BC773AB522321881103875E550FC29631EFFC4","baseline inventory; not a per-line review claim"
"apps/server/src/modules/media/video.ts","631B14CCB2E23A3C667CABE961CF83334414D73E1EE16E8CF5338EEC62637D94","baseline inventory; not a per-line review claim"
"apps/server/src/modules/media/videoRoutes.ts","A5F21A8297A75DCF37AD189161083DBCDDAFD7D20ED7837150A0E2EB623DCD6A","baseline inventory; not a per-line review claim"
"apps/server/src/modules/reports/routes.ts","394A3B1E9C9618B51BAF6F2B5F3FCD590AE83AC4B73629DBCB4A4FA0A955BFBE","baseline inventory; not a per-line review claim"
"apps/server/src/modules/reports/service.ts","EC6822E330EDE10CAFE57D4ACFE7716AB0A72461FE9BFE45C6F8BF901D460C69","baseline inventory; not a per-line review claim"
"apps/server/src/modules/ritual/routes.ts","FDF4D3E2E9780A68966C01ADA74EC1DFE27962361107554F668AA1AFF7C0D6FB","baseline inventory; not a per-line review claim"
"apps/server/src/modules/ritual/window.ts","F4D85744920AA84A44C9D46A29CBC642AC09B921E39B28005534849AC1156182","baseline inventory; not a per-line review claim"
"apps/server/src/modules/tts/cache.ts","70D20FAF0BB09959941B7B857766E6A80DE0AD63CEBB1BA6DEB6518B242FFAA9","baseline inventory; not a per-line review claim"
"apps/server/src/modules/tts/client.ts","4CE2526D2E4D544EBDA93EBBC261E3D6183311A3B46C614269C97F34D20FF446","baseline inventory; not a per-line review claim"
"apps/server/src/modules/tts/mp3duration.ts","8AD2800544B78912CA9B034986E4454F3C3D25E85CB624B0A6D5CC4F1A3576C9","baseline inventory; not a per-line review claim"
"apps/server/src/modules/tts/routes.ts","AC2481E135CB8B1167AE589D7FC549A04C035AF02BA71E81AF0A2D08D9AA205E","baseline inventory; not a per-line review claim"
"apps/server/src/modules/tts/timeline.ts","3D80F44CAE751041B183C23DF4254BAEAA3AEBC451DA890972AF092E081D6ED2","baseline inventory; not a per-line review claim"
"apps/server/src/modules/tts/voices.ts","D7DD4E5AF2DAB9EEB00D01D60C1E35EC17A8E5DCB495F101C13FB27C2AC1CF74","baseline inventory; not a per-line review claim"
"apps/server/src/modules/weread/routes.ts","C83AFA14A3F1CE6496F125EA342F71055E495720352ECA3139EA7B5C12AE0E72","baseline inventory; not a per-line review claim"
"apps/server/src/modules/weread/shelf.ts","B3FEF2AB611DE699E3CA3DA722E61B4FA8BB6DB7B50B70679CA19D579D51C61C","baseline inventory; not a per-line review claim"
"apps/server/src/services/weread/cache.ts","C44EF4C543416E3426AA44F4AA6B678CE068E598E47B9341F04C3B0AE4D2ECB9","baseline inventory; not a per-line review claim"
"apps/server/src/services/weread/endpoints.ts","CBBF45491771FD49840908FF283ABEDDC2478713EF34620DE3A06A5E185017FF","baseline inventory; not a per-line review claim"
"apps/server/src/services/weread/gateway.ts","46610DE643DDC6910C8D6FD81678555F969DAD2AF5E14E19088DD9242070C0D5","baseline inventory; not a per-line review claim"
"apps/server/src/services/weread/rateLimiter.ts","D33F53A67621110C2214726132F37CD778364CF1CF8CE046B4AA5CF1DF50AFC2","baseline inventory; not a per-line review claim"
"apps/server/src/services/weread/registry.ts","FB57EA6B03315F453BB96771C5BAE63F73D6D2DFC075811831678BE8D60800C7","baseline inventory; not a per-line review claim"
"apps/server/src/services/weread/service.ts","01B773E6EAD8ADC2F40793E5862CCBC2C49FBFD256C77DA650471B6491FBB35A","baseline inventory; not a per-line review claim"
"apps/server/test/achievements.test.ts","C0DF35AB9BB113AED7B9F8E9A4B09AFE8773D0A906F73F1E88EB5378957D9A2F","baseline inventory; not a per-line review claim"
"apps/server/test/app.test.ts","434624AE052D48BB8B48D629C6DAAD4E2B90567F8E1B8B2149E2DE155DFABBCE","baseline inventory; not a per-line review claim"
"apps/server/test/auth.test.ts","AF96B1F9A3D8910403CCA1166C74EEA8CA4015121E200C11E77E2CF68A8E1FBE","baseline inventory; not a per-line review claim"
"apps/server/test/cache.test.ts","80DB1FE2557ABA4980FD24067829BC5491B6DFFD277B7805EE39F0B85468B1A8","baseline inventory; not a per-line review claim"
"apps/server/test/config.test.ts","28F80EB595855DB52364EAB574E8F1026E3F53226DB342A3982813A894A1A883","baseline inventory; not a per-line review claim"
"apps/server/test/content.test.ts","606641FA2D0B34669B6E58A1613B765C2C1C317316DB2924A4AC24A8693A49ED","baseline inventory; not a per-line review claim"
"apps/server/test/cosession.test.ts","E8692CB26DABBCC5A1E6129B7244930410F113218C6D0D1EED5052A25FB79406","baseline inventory; not a per-line review claim"
"apps/server/test/crypto.test.ts","609A03595165FF9E85631A2EB425F7ABC179EC718B20F141A7FE89137E5017E7","baseline inventory; not a per-line review claim"
"apps/server/test/family.test.ts","916D2F933ED2AAF5FCDFF6843B56437BED6FFC776B645772BC999FA151B49547","baseline inventory; not a per-line review claim"
"apps/server/test/gateway.test.ts","2AA4818E8A6D9087BC5FCF5A1AA6AB0181F83DDD8A29E32F879C1D0A7C39D39C","baseline inventory; not a per-line review claim"
"apps/server/test/global-setup.ts","150A8368CBD5A9774641AD3D3BD2B58B6CC2E3E1E5EC37D175734D9F6DDC0642","baseline inventory; not a per-line review claim"
"apps/server/test/helper.ts","62177C50EACF257599154011624DC01A501F84DA7A82BF8B0EC4065F95E7BDFA","baseline inventory; not a per-line review claim"
"apps/server/test/ipRateLimit.test.ts","979CDC07B4D72CDFA92067050086CD6BEC61059881322D9557F326FBF3994EB4","baseline inventory; not a per-line review claim"
"apps/server/test/label.test.ts","98588444FE4229F0C17A3335636E52B49C5A610BC785F090C03389B1A1DA09E9","baseline inventory; not a per-line review claim"
"apps/server/test/media.test.ts","C5FE22A11FAA0363B2FCF8E39EE2FB3D3965347799C643E41BDFBAE5353800A3","baseline inventory; not a per-line review claim"
"apps/server/test/night9.test.ts","3553CBAB306B89CD176FD014BD3CCB9B1429AB3BFD1189CE1C7E15364A6607B2","baseline inventory; not a per-line review claim"
"apps/server/test/probe.test.ts","493B9CBFCF85695F6D7AE9A14503EAE325D47C175C7E31AB76709F524B79A7EB","baseline inventory; not a per-line review claim"
"apps/server/test/rateLimiter.test.ts","7CAFE63A6A1AF375B88B666C560DC8C4626648024BC9A024F79CB3D74A439019","baseline inventory; not a per-line review claim"
"apps/server/test/reports.test.ts","B634484863AB141B538CA16161804F3F1DC18B98A8202102A8E5E393C00A054E","baseline inventory; not a per-line review claim"
"apps/server/test/ritual.test.ts","3A504EC8CC7B43D6C0D4C929FA43A458707CE0633B957F4E37D24A2AE5EFD824","baseline inventory; not a per-line review claim"
"apps/server/test/service.test.ts","BF9DAFBC8EB692AA62585F07BE8032FD01D9B6C8F1EADA590DBEF2F2C36169F4","baseline inventory; not a per-line review claim"
"apps/server/test/shelf-logic.test.ts","74D603FFD52A83538E0F37F9D6208357C7B6473C36B8A7EFA9F6ED05C6976C4E","baseline inventory; not a per-line review claim"
"apps/server/test/start-session-idempotent.test.ts","BD4359B7793687D4CEC6DBB8BB712D3BE05719A976D8A246FF9A67DE0BF44777","baseline inventory; not a per-line review claim"
"apps/server/test/tts.test.ts","F2E24F07D7D26FEB0C520F1FAA4D3D296E8C56DE8240B29191D3C7CBA57C73A2","baseline inventory; not a per-line review claim"
"apps/server/test/video.test.ts","905F432F71C7AAD8321F457084D526136107B0C594C0B959FEC3F03B90B68607","baseline inventory; not a per-line review claim"
"apps/server/test/week.test.ts","5D34A117903496721106D1CCCF4AED6C6023F9101369C0F41257CEB711BA81A4","baseline inventory; not a per-line review claim"
"apps/server/test/weread-routes.test.ts","C614A5D616D89111FC30A617D9E575FC4C2B565A6AF35B5DFD2EC1495F18A305","baseline inventory; not a per-line review claim"
"apps/server/tsconfig.json","9859F69D4CBCA370A16B9E289DF56EC19DC9F0E9BFB2F4C0094C792D0A07688E","baseline inventory; not a per-line review claim"
"apps/server/vitest.config.ts","AE00066BEA0FEEB6DA15061BFB53B94DA71FE5B3EBB83FE93E1236DD71C0AA85","baseline inventory; not a per-line review claim"
"apps/web/index.html","50040957EADDDC6227F4A7759A40A2465240948FC05FFC5A59D8CA3ECFEDCC90","baseline inventory; not a per-line review claim"
"apps/web/package.json","9547AEF1E574803496DEAA58D47035288A5734285B886DCC7229A1EC37DF4D7B","baseline inventory; not a per-line review claim"
"apps/web/postcss.config.js","190C877DB466995BF1482F4A16ABD06E04A89EDE3119341E2A86FF96E1737B27","baseline inventory; not a per-line review claim"
"apps/web/public/brand/apple-180.png","7B9146711A1369B689E1F72AAAFBC88D2914B2D07144AC7A4BB1A14D1F74F96F","baseline inventory; not a per-line review claim"
"apps/web/public/brand/favicon.svg","9458D749ABEBEC814B0446B67296CBBF8E6C88439FA11768F5B14CC534CDE735","baseline inventory; not a per-line review claim"
"apps/web/public/brand/logo-256.png","843EB51EFFF8220AAA3C594D4870E05B120117A2AF6CC3C38F6E3E41833D2436","baseline inventory; not a per-line review claim"
"apps/web/public/icons/icon-192.png","DADF5D6994259C673999D0DC7713BF7130401A1F83308972305D1A01C953C635","baseline inventory; not a per-line review claim"
"apps/web/public/icons/icon-512.png","9214C768B2F407D7D008A98D5BBC196B2E552834A7FF9762AF2EBD8046195305","baseline inventory; not a per-line review claim"
"apps/web/public/icons/icon-maskable-512.png","1A7A9633D3428A5D287F5820E5A4A6C84833A3545FA1687BFEA9C150F234867B","baseline inventory; not a per-line review claim"
"apps/web/scripts/gen-brand-icons.mjs","78D6DFBC4853105E0C343B5DB9AFA119802C7654F8688CEEF89989898DC66DC4","baseline inventory; not a per-line review claim"
"apps/web/scripts/gen-icons.mjs","40F6919E34C1CCDF36BFCA881248E10EA576D00BF95AC8DBDF585E79ACAB8AA5","baseline inventory; not a per-line review claim"
"apps/web/scripts/screenshot-baseline.mjs","06546AB74F817622C03C1CB916F35A89FF8B3139150C91629594CDC5CB52D016","baseline inventory; not a per-line review claim"
"apps/web/scripts/screenshot-child-flow.mjs","C73F2D6B1E14BA13EECD5F127F2207A79A658A15B6013B432B45B2DCB63524C6","baseline inventory; not a per-line review claim"
"apps/web/scripts/screenshot-final.mjs","9C2D4E7C26A8E039BF0116DE2AC8431C495EAEBB4D9675E0E8BDA95C1DE1F68B","baseline inventory; not a per-line review claim"
"apps/web/scripts/screenshot-night10.mjs","2D8E3642B4439CD246338D738FBE53961FAED6D3206D9169066207A92B828E0D","baseline inventory; not a per-line review claim"
"apps/web/scripts/screenshot-night7.mjs","1BFAC9A1B9B8EDC2F5D0EE25F2643160674C48B1D7E9193862ADFB18492111B2","baseline inventory; not a per-line review claim"
"apps/web/scripts/screenshot-night8.mjs","CD94BD22924A10BE4E4DA276086D240CD376B0670708E1EC0FC50F9193F3F79B","baseline inventory; not a per-line review claim"
"apps/web/scripts/screenshot-night9.mjs","9CB02F741D8280581AC1E6A8FC8DF5E648B9794C4B5794E1CC8EDF74833CAD02","baseline inventory; not a per-line review claim"
"apps/web/scripts/spot-check.mjs","1678531C4EEFAB19AF37F786CADA39FE8FD3A53E55BA11F7DCBFB4073085EF48","baseline inventory; not a per-line review claim"
"apps/web/scripts/ui-audit.mjs","61CD6E5B15103D4C0FD6149688ED2F194954F13CECEAD707AA329FF72B8A3D08","baseline inventory; not a per-line review claim"
"apps/web/src/App.tsx","E34BE8C891414737E0D4D8BB262544286CBFA53DBD5EED73D6F322DAD3F42A44","baseline inventory; not a per-line review claim"
"apps/web/src/components/art/AiBadge.tsx","367285431C7444ECCF46078B07AFC05C0D80ED8C7A40E6D31E6B7EC394EFC010","baseline inventory; not a per-line review claim"
"apps/web/src/components/art/BookCover.tsx","6F9CC3C0572F62AE914C00ED044B354E5872F53A3AB0B26935CF35AFB3E96CFF","baseline inventory; not a per-line review claim"
"apps/web/src/components/art/SceneArt.tsx","03DDE079811752EEC2261D6F20E171F8613C9E09891D02CC3008AD5B6052A28E","baseline inventory; not a per-line review claim"
"apps/web/src/components/art/SceneVideo.tsx","5FC5ABD162924586048F0A5C79A451A258606A0F0464F27BB365979D4D73F445","baseline inventory; not a per-line review claim"
"apps/web/src/components/ui/ChildTabBar.tsx","490BB893C5A809D7178EAF2F14977C5440A2434EEBC4B86C33F000FC4AAD8825","baseline inventory; not a per-line review claim"
"apps/web/src/components/ui/EmptyState.tsx","1A83D5A7140712C7235A8269B3DA76449670D2165FFD6092397D7E3FAF5E8B43","baseline inventory; not a per-line review claim"
"apps/web/src/components/ui/ErrorState.tsx","5E0ED4E7FF835F86AF8AF005A5364968CE3A87033261112E0A2149DD63473915","baseline inventory; not a per-line review claim"
"apps/web/src/components/ui/Loading.tsx","E09D5DB354B4DDD6CB86D2CFCF0ACCD76E4C3C3C4D0832F79DAB8000CC212134","baseline inventory; not a per-line review claim"
"apps/web/src/components/ui/TaButton.tsx","47CDF0811BCAE724A9CF191D684B4E908467022DF057C9010C3CA30F9DD24BDC","baseline inventory; not a per-line review claim"
"apps/web/src/components/ui/TaCard.tsx","1B63BD34F5294DBDB8C3A30BE8DD37A8D5EC5CCB79D9D2D892723AE7B5CF35F4","baseline inventory; not a per-line review claim"
"apps/web/src/components/ui/TaSheet.tsx","486F677777D9C741C898DE85E8E978164F18718B6DA7065CC0AD02316DBC0113","baseline inventory; not a per-line review claim"
"apps/web/src/components/ui/TaSticker.tsx","911B9FF90D8FD9A0D621360CEA5DF083630AEAF93163583DD75CEF1E567B9FAF","baseline inventory; not a per-line review claim"
"apps/web/src/components/ui/icons.tsx","913E17F0B0C5BF57FA30C168DB4236130341FB1EB452481AEE94A06E26C2853A","baseline inventory; not a per-line review claim"
"apps/web/src/components/ui/index.ts","5FEC167C36A2714DF5AC52E44EB249C4D719466D5173863403CAEA30D63DC84F","baseline inventory; not a per-line review claim"
"apps/web/src/index.css","45DF48E95F43595ED44902442D4E115140D31DE9C33882FD971233829C815D3E","baseline inventory; not a per-line review claim"
"apps/web/src/lib/api.ts","12FA55362F186A5208188A4094A28F0A2202F247FC49FB56CCEBC6ECEE6C408C","baseline inventory; not a per-line review claim"
"apps/web/src/lib/audioPlayer.ts","0CB0DD90D86BC0483790B60FF82211586707255182FD081E457DA23ADD057361","baseline inventory; not a per-line review claim"
"apps/web/src/lib/finish.ts","FBBDCC8EBA9DDB5436751C30116F4ACA506105DCC5CA520772ACC8903A8F91F5","baseline inventory; not a per-line review claim"
"apps/web/src/lib/haptics.ts","07D95042FAEA43A7B262FE2C4D471F94B2462222F8FE2AAA3109D6B0BD142BD1","baseline inventory; not a per-line review claim"
"apps/web/src/lib/motion.ts","1ACFE47AC897AC09E1AF85683365689808A7567CE9EE42B2F648FC4F6501E472","baseline inventory; not a per-line review claim"
"apps/web/src/lib/preview.ts","5D52F4E591B8193DE3FFDE13D81BC2F79046F8290558120BCBA913BA079A9623","baseline inventory; not a per-line review claim"
"apps/web/src/lib/readingTheme.ts","E820723CB686704CCAE709447AA8D7C20E857B525956FC68A7D3BA37073F7133","baseline inventory; not a per-line review claim"
"apps/web/src/lib/readingTime.ts","06425E7316CE899E5E2750DEDB1D135ED769C2C1527A2A7F1B8D47DBAAF893DD","baseline inventory; not a per-line review claim"
"apps/web/src/lib/ritual.ts","2C830099773B0CF0DDADFC9EBCCB6EBA50C4B89BA88139CA8DC66F54A14DEFFA","baseline inventory; not a per-line review claim"
"apps/web/src/lib/roles.ts","A2412E6EEA8CE219F266FC6110B3878A55EDB066FC8C80B22E73B5BEBF03BA49","baseline inventory; not a per-line review claim"
"apps/web/src/lib/tts.ts","4DEA380805E6A5EEE16E3B44548297D7E81856ECB4AD62EA9667E8AC19197229","baseline inventory; not a per-line review claim"
"apps/web/src/lib/wakeLock.ts","774E04726A26D5CDE080135D48DB4D0DF41E046B31F3D34E429A4BD7C3501B85","baseline inventory; not a per-line review claim"
"apps/web/src/main.tsx","CC9DB1B24EC89E5A3289F0994F565A55EE69A2087E3DD4130CEC991FB395D824","baseline inventory; not a per-line review claim"
"apps/web/src/pages/AiContentAgreement.tsx","4EA45361F7984306CB59A04DC3871ABD593941F1819799A7F7A88E108A78688C","baseline inventory; not a per-line review claim"
"apps/web/src/pages/ChildHome.tsx","01A7BBEFFC6038315AC89453051E3D481E35DF5840EA4097BDA82B3122811FD2","baseline inventory; not a per-line review claim"
"apps/web/src/pages/KitchenSink.tsx","B317E42B45E3537A47366A1D4F5B2F3A4584D8037613189974E9142C49B83164","baseline inventory; not a per-line review claim"
"apps/web/src/pages/LoginPage.tsx","9805246D08968D09206593D3A384EBB25E4348E8322E5E3658DB88C74D7A0164","baseline inventory; not a per-line review claim"
"apps/web/src/pages/ParentHome.tsx","F9E5CB110D3F014F630D0ED4D60AAB01882C21CD4C2263F95A7895E83E95863B","baseline inventory; not a per-line review claim"
"apps/web/src/pages/child/AchievementWall.tsx","D5AC5552FCEB544EF55CA5B585F881F899AF00892C3F76ED3F82E89B8916A6C5","baseline inventory; not a per-line review claim"
"apps/web/src/pages/child/BedtimeScreen.tsx","28A45EE63277BC6B3D1344B70340B129F107F6B8AF6830A3212AE3E50C0825E6","baseline inventory; not a per-line review claim"
"apps/web/src/pages/child/BookDetail.tsx","459B8CA60B6AED36E245F4DFEBED15A8DBAF0178796E04D6ACF73E64093365D3","baseline inventory; not a per-line review claim"
"apps/web/src/pages/child/BookPicker.tsx","41E77A59D32ACCE4040BFE7835FC92C896C71FA26290626F12C2A77FC7AD4D16","baseline inventory; not a per-line review claim"
"apps/web/src/pages/child/BookShelf.tsx","4A6F66F985364E2C4AF115AFE474C9458C25CF27FCEEEE83DC4ED02103409F3A","baseline inventory; not a per-line review claim"
"apps/web/src/pages/child/CelebrationScreen.tsx","9A496A8C5A52B97413AFFE7A3A5F6CD2D91198B852B8455192AF9088CD7A530E","baseline inventory; not a per-line review claim"
"apps/web/src/pages/child/ChildPicker.tsx","2A0EFC28877C99806144BC1B8F3D24538124F169C5AE13EC05D751A95103F7A2","baseline inventory; not a per-line review claim"
"apps/web/src/pages/child/DepartureScreen.tsx","35592DCA258437437A08AC21B648E1A1E4053503E4EAF54BE3F8A200EA099F9F","baseline inventory; not a per-line review claim"
"apps/web/src/pages/child/FinishScreen.tsx","61CC34FFD33DACCD799881FE4648B44A98CC0F46C7037DA90ECD049DA1DE868F","baseline inventory; not a per-line review claim"
"apps/web/src/pages/child/OnboardingTour.tsx","6C21AA1E9B67BE5A9AD793F412E109502B500510C88D3C5AA4439E7F42CE6C53","baseline inventory; not a per-line review claim"
"apps/web/src/pages/child/ReaderPage.tsx","F6CB400E9B4304B0D7CAE38EF977D7E2AC72B375CCF6288C7B304E10872235BB","baseline inventory; not a per-line review claim"
"apps/web/src/pages/child/ReaderScreen.tsx","622547994E0B7B54003DD09772CD3B70032F0C212806D23A0466719807FA43A6","baseline inventory; not a per-line review claim"
"apps/web/src/pages/child/ReadyScreen.tsx","6B124DB8F88EC50BE982074C5C4E8D352EAA9CEA82F8C64E39BCF11919AF3F81","baseline inventory; not a per-line review claim"
"apps/web/src/pages/child/RitualGate.tsx","FF20D093FB05C738AF107F8316834F45D5BC5B1EE15C34E3D175FC5F5A735FBE","baseline inventory; not a per-line review claim"
"apps/web/src/pages/child/StarSea.tsx","EAF1847CBAB100D884A67A015952F082768541D3910AEDAEFB497B41057DBF1A","baseline inventory; not a per-line review claim"
"apps/web/src/pages/child/V8App.tsx","36779EC4235EB090EB744F384DDAD0BD2CD05BB22818493D04A169583F14BF7E","baseline inventory; not a per-line review claim"
"apps/web/src/pages/parent/BindWizard.tsx","3CC0E849898CA896CE7C727EC8B542827E95C976A8F80A993DA2A9B145621FB4","baseline inventory; not a per-line review claim"
"apps/web/src/pages/parent/ContentHub.tsx","7341DCEC1A8937E8D4C62DAD86A632C8236B6D2E121637AD29A49FAD17E2615E","baseline inventory; not a per-line review claim"
"apps/web/src/pages/parent/FootprintBar.tsx","A4657EB022F3D389D7827B0056D4454B073F60C989CAA1242AC350905E4A58CB","baseline inventory; not a per-line review claim"
"apps/web/src/pages/parent/ReportPanel.tsx","150B71DF5C8EFEC9116D3AA7C4CFD8AAD58363857C59224E16AD3EA75071D491","baseline inventory; not a per-line review claim"
"apps/web/src/pages/parent/SettingsPanel.tsx","B5D06D0ABDF4EDAEF8D387171EE771222FB26C2BC6ACDDEC0671506EEC6E0FAD","baseline inventory; not a per-line review claim"
"apps/web/src/pages/parent/TonightPanel.tsx","0C3CC2E809BA6206ADB0187F17790B0FF3089CF64535854A92CD37509D179840","baseline inventory; not a per-line review claim"
"apps/web/src/stores/session.ts","84FB8B505163437775139B3258797D556F02D05BF2D20DEA93CE0DFAE89EFFA4","baseline inventory; not a per-line review claim"
"apps/web/src/v8.css","A1E920E0B948E7965CA8FC0B329A83C7C7061164B6B77A69FDF78490FB112C07","baseline inventory; not a per-line review claim"
"apps/web/tailwind.config.js","670D41816839E9A5E160D1D81BF8DF4B6CE4BEE2E459CD366EF56234B43E9029","baseline inventory; not a per-line review claim"
"apps/web/test/api.test.ts","73FDCE66C00E7E72A2DB580A9350B9EC17B7D7241C7E55B11871A44FB3E32DB8","baseline inventory; not a per-line review claim"
"apps/web/test/calm-mode.test.ts","54D05E265A7E3590BDD405E8D8490E8653BDFEE97B8CECA2B2FAA30A9FB5D060","baseline inventory; not a per-line review claim"
"apps/web/test/emptyState.test.ts","D201DE0EAC29A7F5E52AAB17D4C9FC60642513FBF4B3FBF68BC7E32D41595FDE","baseline inventory; not a per-line review claim"
"apps/web/test/finish.test.ts","62F9683C1B0FD385C1A80D9501FC2324E9DBCE97BE6CA61AD17B70F317FDF2AA","baseline inventory; not a per-line review claim"
"apps/web/test/haptics.test.ts","D2F94D67A1829563DC4E5AF3A208026CE84595EF7E4823B45C22A3981372D11D","baseline inventory; not a per-line review claim"
"apps/web/test/highlight.test.ts","2D726413CB3E8C620A23149BA58FE1E50C2843F016FD7BBB747612E2F3875BF1","baseline inventory; not a per-line review claim"
"apps/web/test/motion.test.ts","DBDF8AF75F987B61005802722124846A869A88A01DEE07B0338402DF60E3B18B","baseline inventory; not a per-line review claim"
"apps/web/test/onboarding.test.ts","851DFB159412A0AFF9C04308C864E5C7D584C7CB23F5A0B0734C06428C3DC188","baseline inventory; not a per-line review claim"
"apps/web/test/preview.test.ts","01664D23D8C772210F74C2ACF80C65E458602708E2351383DBCD096219546576","baseline inventory; not a per-line review claim"
"apps/web/test/readingTheme.test.ts","AD86C9C93331E0AB48877D9B199D4F22D1065359084AEF137D790874624FC5AA","baseline inventory; not a per-line review claim"
"apps/web/test/ritual.test.ts","2355CEBA472FC0B1E5C98EC5239763A8DD371ED1B00F7E12103AC697BB8BDDFC","baseline inventory; not a per-line review claim"
"apps/web/test/session.test.ts","94098301A3B430C4B4FCF91E88FF5FBE7D6244685DDCD749E44AC717430558BC","baseline inventory; not a per-line review claim"
"apps/web/test/shelfTime.test.ts","2B4A277228F2CEF72F5313F5940E023021A62CDCA1E1244ACF94CC9A0FD045A9","baseline inventory; not a per-line review claim"
"apps/web/test/tts.test.ts","955BE40624F29305AF1C93AA116C98E60204564AE34E02456CCC4565A4C2B037","baseline inventory; not a per-line review claim"
"apps/web/test/wakeLock.test.ts","E4EA6BB22E593DBBDE023DACF2286A3CB1A5D4308ACCCFB408C38DECC4AF6831","baseline inventory; not a per-line review claim"
"apps/web/tsconfig.json","36796D94C457B49FA6CE2D8073D738FFEA5F87C8727E32CA281EC624B2FEC7C9","baseline inventory; not a per-line review claim"
"apps/web/vite.config.ts","47EA0374360DE9B6761A40ADF744E07BDA0595A26F7E1FFA5F24003389928521","baseline inventory; not a per-line review claim"
"apps/web/vitest.config.ts","B854E0CA06F99B80C4CFCA5DD7389190E99F492D50F797D8086BAC577D343260","baseline inventory; not a per-line review claim"
"docs/01-市场调研报告.md","68E4152A5BD291AF024F5DA8279AEFD42ED259D5547F126509EF15ACF966C789","baseline inventory; not a per-line review claim"
"docs/02-开发计划书.md","3C74EC69E4F4828EF3C9C0E5F70900E5AC5E8242D9104BFCD2F8D8B9F3F6E70A","baseline inventory; not a per-line review claim"
"docs/03-夜间执行计划.md","7D66D49EA7E20DA63C463726BB4E39ED042E8F2A6169533A7ABB74EDA8AD4270","baseline inventory; not a per-line review claim"
"docs/04-对抗式审查协议.md","57A6C72C789F0B56B0D5ACBC87502518E4500B2A15F9E72D7CAAAE943D64ADBA","baseline inventory; not a per-line review claim"
"docs/05-验收报告.md","737E201AED6165891EDF0CAE7530EC0C66D3CC16AAF730582D3753BE052A8EDF","baseline inventory; not a per-line review claim"
"docs/06-部署文档.md","1AF114A6104CA63CF2633CBB9E839D0AAB2C47773E9BF5FE67FC9B49030D28E6","baseline inventory; not a per-line review claim"
"docs/07-内容源接入方案评审.md","B94E7C4E2F5A75DFD13C16F2F0E7FE1AC26AC12B98438CFAD175F3D5FE6CAA9C","baseline inventory; not a per-line review claim"
"docs/08-v2-内容域交付报告.md","1C83A9B209EFC086BF277D5D48B92613794E03CDABB38DFA7D8CCA75C5596466","baseline inventory; not a per-line review claim"
"docs/09-第二次迭代差距分析.md","8C3091D0CC5E82D7996423E7BB93D3815D9D4380A336E43FBB32FF77A01EC608","baseline inventory; not a per-line review claim"
"docs/10-第二次迭代交付报告.md","B30431D5426CD03A1C0B89D9D2763E0A3794429A0FDA1A8AAA124C64663C5241","baseline inventory; not a per-line review claim"
"docs/11-第三次迭代差距分析.md","A226F320EAFFDA69993565DE48FC1B8342BDE9EE97D29134720E1349D429B1F5","baseline inventory; not a per-line review claim"
"docs/12-第三次迭代交付报告.md","A0068CBCAEAB639F0CDCF6DC59948C319AF1F6B287180A35A3676D3CA445B7B8","baseline inventory; not a per-line review claim"
"docs/13-第四次迭代差距分析.md","216BB15A9EF8757B6ADE4065D0F163E83384B7EA832D5299F2BCC60BE6A9875C","baseline inventory; not a per-line review claim"
"docs/14-第四次迭代交付报告.md","6B1E240FB4BF740EE241C5FC1CE7625325EF964EBB2C961D47AFF02221BB1550","baseline inventory; not a per-line review claim"
"docs/15-第五次迭代差距分析.md","C6AF83D72DEBCF80343C491AFBB39E70EA9E6B2B65CB60BE5654503925BB2C59","baseline inventory; not a per-line review claim"
"docs/16-第五次迭代交付报告.md","2DF979D8606C4DBAF5DC1B28EA76C024EEBFD4B8AD9527BEC8A65C7ABD972F0C","baseline inventory; not a per-line review claim"
"docs/17-第六次迭代差距分析.md","DFB8C5B7A86F9089427140725F84A05248B63C7AC83FA4BB123BECA9AE53EB7C","baseline inventory; not a per-line review claim"
"docs/18-第六次迭代交付报告.md","E5F7221121292B58A826618DA4249A0B3F952218886F4759798E3A96E9AF901C","baseline inventory; not a per-line review claim"
"docs/19-第七次迭代交付报告.md","11F33496CE534A89ADAC00CD6F9978E6933D8FCAA4B068132C1929CB27740A85","baseline inventory; not a per-line review claim"
"docs/20-UI竞品调研报告.md","2A6C020B90744351036AFCF468367A68779DA03EA74DFA457A66AAC0EC8E5749","baseline inventory; not a per-line review claim"
"docs/21-UI设计趋势调研报告.md","55A328AB44BFC52051BE69E7325FD41C8C5F162AF2740E0CF2C8322208694F3D","baseline inventory; not a per-line review claim"
"docs/22-纸与桃UI重构与对抗审查报告.md","518805667506B8C6C89203CACF4351409B98F22BBCFDD6F4425581D368D1F0CB","baseline inventory; not a per-line review claim"
"docs/24-书库大扩充与媒体对齐.md","6CEDE7D14E0A7CD054C537D417C7ED52AD79EC2FFC6D37E465BBD16FD9CF9785","baseline inventory; not a per-line review claim"
"docs/25-书库扩至222本与CC-BY绘本管线.md","9D85978500031E8ECF9E3827EC0E12525739AB3E97E4B3DD176547BF8B6ECC1E","baseline inventory; not a per-line review claim"
"docs/26-贴纸绘本UI重构-白天阅读与品牌桃子.md","91E76B36B9AF757EBAB46CF73B2AB4B5A57BE64FAB56126CC2481C5269F9EB23","baseline inventory; not a per-line review claim"
"docs/27-全面内容补全与UI复盘交付报告.md","96373BC3A023176062A4CA4C1978C5B710FCB7EF9B02944C3EF85B5D434ADED6","baseline inventory; not a per-line review claim"
"docs/28-V8审计整改交付报告.md","4F85312EE57414313B37102EF3CA52F63851C584C7C1DD6DE6489545F48BC42F","baseline inventory; not a per-line review claim"
"docs/bug-register.md","F7D0DCB38050DE0373FE23678D96FE463835A5CB2783A1CF7C88703CB059BBC5","baseline inventory; not a per-line review claim"
"docs/design-system.md","9272CF5A9EE3D0BA0967A3FEF12BD3BDC3BA24DEF09598CF9BF9C73A5444D6AF","baseline inventory; not a per-line review claim"
"docs/nightly-log.md","89B9FD66260C8FA959C6930561181A24667DCAC8CFC0C5131C6D33D2A9BC11FF","baseline inventory; not a per-line review claim"
"e2e/audit.spec.ts","9650559D5090B4686218ECD4A4F53F4E86A77BCFE21F9DB6467C2FF64D6A175E","baseline inventory; not a per-line review claim"
"e2e/demo-content.spec.ts","B55A2266D156F5B7D0EE1583806ECE8C4195B8E8AE10E7DCF63A25B1F5B69751","baseline inventory; not a per-line review claim"
"e2e/demo-parent.spec.ts","2185F90C0C17D46BBE08A95D3207099BD79BFE8F029D73AA697B3A685BE90FD7","baseline inventory; not a per-line review claim"
"e2e/playwright.config.ts","817937A397C50934AFAC3B05496EA70E24600DE2F1C957E536CA62B04A639A6C","baseline inventory; not a per-line review claim"
"e2e/visual.spec.ts","D5E9603F137B0FE8FCB5948BC6698C1F327FB05839890BA6D980309457A12D6D","baseline inventory; not a per-line review claim"
"e2e/zz-teardown-delete.spec.ts","7041125A1953800581BFF6DDA59B66307004547DC5DE63610026E6917BCE8617","baseline inventory; not a per-line review claim"
"eslint.config.js","DFE30D7F2012FE0D6D7FC4CB85EF6393B5CBF8209BFBDC25C6F9674FF0AAD255","baseline inventory; not a per-line review claim"
"package-lock.json","F6F27294A7FF15BEB164163F79D41DB23756313D35B4E5E3A8E026267D85C8D3","baseline inventory; not a per-line review claim"
"package.json","C2D3FE3006B28929DA670E5F72F193449517EA1B3AD904D70D05D8A7A72C96D4","baseline inventory; not a per-line review claim"
"packages/shared/package.json","5DFDEA718AD91B8832C81D5E6C66A325C5AA98D73457897A245B83942010FC2F","baseline inventory; not a per-line review claim"
"packages/shared/src/index.ts","8EBEA013AC2E327491249F689D3D1541AB29D48226901BDA7D14C2957871DCA5","baseline inventory; not a per-line review claim"
"packages/shared/tsconfig.json","8F6E85EEAA8025FE7B2F01763E03F32540D3E2869AE857490D685098460F4E3A","baseline inventory; not a per-line review claim"
"research/aeneas.md","6263A1CA320584FC8E78CA40249842342EA6A450BC8B90A5E22F6A6EE8F9CA7D","baseline inventory; not a per-line review claim"
"research/app_babybus.json","3B87AFFF9FBAA0BE6E862621FBE083E533F5F4D79F911C8BAFD4499070249E34","baseline inventory; not a per-line review claim"
"research/app_babybus_hanzi.json","568D6E7550FF3BD681E9FDDDFC6FCAE55D26F6334BA24EDC3CB30DEF1C3A9965","baseline inventory; not a per-line review claim"
"research/app_banyu.json","64A64E4E329878A4BAA367CE83CF3492F8DA61976F03957D163C2EAADEC14F6E","baseline inventory; not a per-line review claim"
"research/app_banyu_camp.json","94C881DE7F62B574C3DABFECA621CEC09962FB16C0B0FD7F8202DC0B701997CE","baseline inventory; not a per-line review claim"
"research/app_dedao.json","48338C305E02F4CF4A3BCDE33CD2240040070C408ED3F453E5516B8BE353CC5B","baseline inventory; not a per-line review claim"
"research/app_fanqie.json","A7A8633A534290F8051BF522979DFDE3F5E6FB9B9683987783B14927A13CBBDC","baseline inventory; not a per-line review claim"
"research/app_ihuman_book.json","72FEC2478EF80616B3E33CF5821ACC2D02BBCFFE007849E50C49A2DFF69437C5","baseline inventory; not a per-line review claim"
"research/app_ihuman_oxford.json","59379260F9C7070EB1DE5FE56D78A298744006C1B58CDCE1754A841DF87793DE","baseline inventory; not a per-line review claim"
"research/app_ihuman_read.json","CEED7B30D4A75B9CED3DCC8ECF87188B18641B131F1DF7ADB4EBD99B640FCB0A","baseline inventory; not a per-line review claim"
"research/app_ihuman_words.json","9FB669D75D37EF1427DEC0B013F055204FFE4593E189135839A8C72A7346DF67","baseline inventory; not a per-line review claim"
"research/app_jiaojiao.json","A98C6216304EA49102BAA605DAD548D7FF4DCB3993AEBCBAC0084448A039CB7F","baseline inventory; not a per-line review claim"
"research/app_jiaojiao_shizi.json","48029CB863DE5AA3C930F106600EFCECD4569985737EB4D2A64668F612CA434E","baseline inventory; not a per-line review claim"
"research/app_kada.json","7071EEFE7BE5ADD6CA6D25FF67C76FC3B58A24F0F264929F9E5FFD7762242BAA","baseline inventory; not a per-line review claim"
"research/app_kaishu.json","B576CD7FE18E6AA02D36791A43D24929EEC07F198726153AE36198E876A90E6F","baseline inventory; not a per-line review claim"
"research/app_weread.json","BB9171C115992E1C5A8994A92B00B142E8ADE2DC303388017BB94D22D9B4B5FB","baseline inventory; not a per-line review claim"
"research/app_xmly_kids.json","ADB58B9B8EAD689D02199600D37540AE96033B32C6BBD7FF929AC1B41AE54869","baseline inventory; not a per-line review claim"
"research/batch.sh","C75F6ED514FCAD8978B7A7A0B66C9AE733E2F4DD0B2E6B212F14E105DB23C0BB","baseline inventory; not a per-line review claim"
"research/bcdparse.mjs","5785C4B5E60F96E7B2A75566F54E954CB99684DF2C84B35A2857476A95A7F0A0","baseline inventory; not a per-line review claim"
"research/bing.mjs","390A75B84D1826ED03C710D4257A353FB87B1B13CFFA32B748F6E24E70A8B1B5","baseline inventory; not a per-line review claim"
"research/bing2.mjs","4656561B4784CBF72D6D83F08BBC75231A5BC76581968703C6E1866C231EF92C","baseline inventory; not a per-line review claim"
"research/canparse.mjs","7044CE2881862841665E733B5B463344E25FEE7347E3FB7784A71A07FA409B33","baseline inventory; not a per-line review claim"
"research/extract.js","B6F1D6F07FBF84F21E2B3D3E1AC3D0612BBFCC6BC0D4489C6E520B89C82102DD","baseline inventory; not a per-line review claim"
"research/fetch.mjs","51E38D9348C273127D56B0506ABBE6A74F4E98D69C756D71235FA6CCC6EDF6F1","baseline inventory; not a per-line review claim"
"research/fetch_apps.js","63E6941FA6EA9AB351484D80742F751D473F8CE7502B4892FEC14898965B650D","baseline inventory; not a per-line review claim"
"research/fetch_apps.py","67DAADD87C26B4C4712764641CD22F7199B38F7AA1C9DBBA2135D0F41CBC0F11","baseline inventory; not a per-line review claim"
"research/fetch_apps2.js","43E5807100135D9F028AD96E0AAB8BA2FA640043A43361F24D6C255E194594FE","baseline inventory; not a per-line review claim"
"research/fetch_desc.js","2B593562930090D7ACFDAEABAB23494D36DD50402B70B9D586E00C6CF6D980C8","baseline inventory; not a per-line review claim"
"research/helper.mjs","32090883CF274928FC1ACF7223AB3C6E7F3992267642DAD62FD6E887159F2F1D","baseline inventory; not a per-line review claim"
"research/hue.mjs","323966056BD7F011EF5BD20E8C13E31EA51F551F333FD52E7E9560F46340D27D","baseline inventory; not a per-line review claim"
"research/iter3-report-cn-ux.md","447F481F6466014B709EBE836954BFA8C65EC023666C2EE274B3E2A7B7B50E24","baseline inventory; not a per-line review claim"
"research/iter3-report-intl-ux.md","E0EA0ADBF7EF4599503C8E1278749F568927A9FB7C63675D3CADB22BDA43038B","baseline inventory; not a per-line review claim"
"research/iter3-report-tts.md","2E929FF6BDBDCF48E14411FB635C6E8263F6CE9C6384B70453DE0138E8525FFF","baseline inventory; not a per-line review claim"
"research/iter4-report-ai-art.md","1B9840776EFEBF5462D67354C3307BCEA43E5DAAA9DB254031EA70A2CA4C6B3C","baseline inventory; not a per-line review claim"
"research/iter4-report-audio-player.md","6153C1334667557F415BAB9D30DDD7E00F24EE85C95FFE628B19E83BB77D4676","baseline inventory; not a per-line review claim"
"research/iter4-report-ux-gaps.md","148E08E6B10EA37BE8DCA79A07E222E9F24D76B7977AE3B59EC5A7CC6AA64F8D","baseline inventory; not a per-line review claim"
"research/iter4batch.mjs","5DD169D092E74B25807907700B64E56545A9D5EABDD61E967605DD8D5C251B89","baseline inventory; not a per-line review claim"
"research/iter4search.mjs","5A6B72E941269CF5E286E22DF9596F5BFDAEC4703FDECE44C90F361A0D0C91FB","baseline inventory; not a per-line review claim"
"research/kada.json","8892908FC78089EA46F57AB93EB5C481C39945236AEE3AD8222676EBF5215EE2","baseline inventory; not a per-line review claim"
"research/montage.mjs","246B1AEB50DC0A9561BF522382D75AAC7F7E78CD75F4C3CA8695FD3471B2CBA6","baseline inventory; not a per-line review claim"
"research/montage2.mjs","8A0B3649B67FF1889212E0B0FCFEEDD29A8DA950DD7482E39CBAC948035CAAD6","baseline inventory; not a per-line review claim"
"research/oa.mjs","434D84A39B1533654B7D72AE0243874E6422790CD90E507A22E5D54B1EDA5932","baseline inventory; not a per-line review claim"
"research/package-lock.json","D9C3222E13A47ADDEE6264FE6650C24021D6789807EE7631A9557BF7F278CC71","baseline inventory; not a per-line review claim"
"research/package.json","C662C7F71B2C4CFDDBA413CD4AD67D03FEAEB08E53A14FCCE57E57EACA9EAA22","baseline inventory; not a per-line review claim"
"research/palette.mjs","176F08935E1A7ECB9D7A20F87768DB98AAE023F785F51B994F97046695E8FD0E","baseline inventory; not a per-line review claim"
"research/report-cn-apps.md","E0C90C71FF8E5C88FC70676F028EE48BFD31691CF7D298394523AA300310AC3D","baseline inventory; not a per-line review claim"
"research/report-intl-products.md","D0B8E9D812953D1D2E08588291240E2C68CC22EA3EF5981C1922A268FC76A917","baseline inventory; not a per-line review claim"
"research/run4.mjs","DF95E93FA93785C16607B9F95D456B05C89A4CC228F09B03B9F57FAA35F7E6D2","baseline inventory; not a per-line review claim"
"research/search_so.py","1B4B2D4F74D0C44B35AAB808EA6C1DA5224387B2E753987D15A56BA00D27DF66","baseline inventory; not a per-line review claim"
"research/search_伴鱼绘本.json","E22F866A09EDBA30AC39B32EB9007408CF1223FE71D2E0C6381277998025C16B","baseline inventory; not a per-line review claim"
"research/search_凯叔讲故事.json","0B7857C477DAAB889EA624620CE3B80BE23E89C66643F7E9D3F85B7946F1FFC2","baseline inventory; not a per-line review claim"
"research/search_叫叫小作家.json","C590EF2583E24789A17D8F9FB241B488DCDA0C249FD9F78C4F8111672B6985CC","baseline inventory; not a per-line review claim"
"research/search_喜马拉雅儿童.json","7FA6D74F41A1F94FD46F276312011E9B3EEEE716FAE5A11E979945B6D6240076","baseline inventory; not a per-line review claim"
"research/search_宝宝巴士.json","684B417F8BB67FAA5FB71926007DCFA70E10A622FA441FDFBB1F553D4880E8E3","baseline inventory; not a per-line review claim"
"research/search_少年得到.json","67EC8F7143261D6236D30BC006EC6417AFE4B4C7D68B3D9FFD20AC1F1BBA09D3","baseline inventory; not a per-line review claim"
"research/search_微信读书.json","84018E01309A7408A31C979D565F4E3612488C29ED58564AFC90E96DCAFB30B2","baseline inventory; not a per-line review claim"
"research/search_洪恩识字.json","E4A9B4834A5DB874913C0C9273876E8B1FBE583CE51E5C0DC1DD00ED42712FB0","baseline inventory; not a per-line review claim"
"research/search_洪恩阅读.json","7E39B5B6C2F78FCD6C7A662E7A3FA3B5A392F27D6F0016884CB124581F5DAEA2","baseline inventory; not a per-line review claim"
"research/search_番茄畅听.json","11C2B72336D7FD27EC1DEDA623A395238F74EFF13B872DE828C043FD3BCD4B9D","baseline inventory; not a per-line review claim"
"research/so_KaDa故事_使用体验_界面_绘本馆.json","AB7252BA80147B9FA3CDBE667DB20968C8999F7CED8991B9AF47DE77680E7BFA","baseline inventory; not a per-line review claim"
"research/so_伴鱼绘本_测评_功能_界面.json","7536956BFC96F1173D84074EEFDF82DA27ACCA5426A3AA1B42782662DD27DB9A","baseline inventory; not a per-line review claim"
"research/so_伴鱼绘本_跟读_打分_贝壳.json","7E8FB312425A0C64B86787F8D4819F2C95CC57AE1C204176D12F8BCC8A4CF499","baseline inventory; not a per-line review claim"
"research/so_儿童阅读APP_对比_测评_排行.json","596F2D194425837EF51ED8413CD9F70293579C644DBF4AE226077749DA3403BE","baseline inventory; not a per-line review claim"
"research/so_儿童阅读APP_打卡_返学费_断签_焦虑.json","00E3CB60587DCDF3AEAA81A2240B57AC7236C1D6415F8C2A9A68CB50B0B4DD9C","baseline inventory; not a per-line review claim"
"research/so_凯叔讲故事_产品分析_功能.json","1ACCFAC070588A5CFFD7A3350FA622AE1B559AE8C14F386C8EC1E790DD66592E","baseline inventory; not a per-line review claim"
"research/so_凯叔讲故事_倍速_播放器_定时关闭_功能.json","B6A7BBFFCBE963DB61E1FBC12C2ECF79D5BDDBB5378761A89754A738140E47C4","baseline inventory; not a per-line review claim"
"research/so_叫叫阅读_测评_阅读计划_打卡.json","F2D13BC5AE06ACADB77FE51EB8E33EA7D5BE5D85B2EB9132268574874DEF5AAC","baseline inventory; not a per-line review claim"
"research/so_咔哒故事_体验测评_功能.json","10760B7AA08E13C68C458356445EF10D906D6A6A53590468048F6B7737FA3CF5","baseline inventory; not a per-line review claim"
"research/so_喜马拉雅儿童_倍速_语速_调节_波波.json","8E11BD441F544529EA18AF9EF1AA3A8B5411227110FD63FB46844304C8BD8A0F","baseline inventory; not a per-line review claim"
"research/so_喜马拉雅儿童_测评_功能_家长.json","FA0B58A7B216E5457F4EE05DC96DC3274A35C02F01FE1A6A31DD97901FD4494E","baseline inventory; not a per-line review claim"
"research/so_宝宝巴士_产品分析_测评.json","8E129FA0C3321245E67F3548ACB98199AC62DB453AFB496BF6F0BFFC9F1756BD","baseline inventory; not a per-line review claim"
"research/so_宝宝巴士_产品分析报告_人人都是产品经理.json","4DE6E7C9F2CBB17F6EE3B0E91E6DE5A36314DC45BE14896730323A29E90D9905","baseline inventory; not a per-line review claim"
"research/so_少年得到_产品分析_测评.json","DDDF84AF6561B19D9852B253DE9E0668BEC9EC0153A0BE896CBE5AFB9F4DE947","baseline inventory; not a per-line review claim"
"research/so_少年得到_产品分析_界面_功能_课程.json","A4F821B3D61F04B0CCC21513255E42AA805437B04B524828CD888E1476F0E08F","baseline inventory; not a per-line review claim"
"research/so_微信读书_亲子共读_少儿_儿童书.json","72AE4718B21FA64A74A240DB09A1FE364E2E712BC33D0FCA45731B321906B6C8","baseline inventory; not a per-line review claim"
"research/so_微信读书_亲子阅读_儿童.json","DF92254AFBBD060E4903384AE0A466DE4852944B7D1A2410C4B5905D5F222CC1","baseline inventory; not a per-line review claim"
"research/so_洪恩AI快读_测评_功能.json","F1FC5F58180790BC6CD8CB01F89E938E8FB4EF7C4830F24A52A4EEF6B937C728","baseline inventory; not a per-line review claim"
"research/so_洪恩识字_产品分析_体验.json","B3F34150507B684F8E8C5CDE0069EFBE173E26B828000BD72864A7B840A56111","baseline inventory; not a per-line review claim"
"research/so_番茄畅听_儿童模式_亲子.json","15C401F9E69A1EAAAE7E6DE6991767F7781CBD23A6E7FB16291F38D170DD9201","baseline inventory; not a per-line review claim"
"research/so_番茄畅听_青少年模式_时间锁_限制.json","E44CBFB81E4459C1B101DA3F264E367B4D21111853EB908083DE6671EEC5D8EF","baseline inventory; not a per-line review claim"
"research/soq.mjs","1EB83D2332A144887668978B3C30402C4E3E9576EAF0579F43FCA13CEAB57597","baseline inventory; not a per-line review claim"
"research/sosearch.mjs","DEFAA459D471BD90B41714209F083EA6C00EEFF4A956F25AB619CA906B3AB1D7","baseline inventory; not a per-line review claim"
"research/sosearch.py","0BF8C91EF21B07B62E4EA79334A52DEFA1AC719C0EE97B8BC994A51BDBDC48CA","baseline inventory; not a per-line review claim"
"research/sq_咔哒故事_产品分析_界面_功能.json","1835CC091DBC5A8AFC367FB914C76529A7C4F7ACC76AD44D7160C5AEC38F3F4F","baseline inventory; not a per-line review claim"
"research/subsync.md","765821149EF9DA69996CFAF5BBC04E434B65C568343F75E3F3483AAF4C52EEF7","baseline inventory; not a per-line review claim"
"research/textify.mjs","F2C84C2A97AE63EDF7178C031A03B714FA3BA47EFB6E76BC75DD05C79C96B044","baseline inventory; not a per-line review claim"
"scripts/adversarial-sweep.mjs","B0132FF359CECA5503C3030D920172551959265A8014289AF6F9EB55DA985174","baseline inventory; not a per-line review claim"
"scripts/audit-shots.mjs","A2C066E5FE2C8E674338F86C8115E5963237E8997A5761F60F1E9FB4EE7B039D","baseline inventory; not a per-line review claim"
"scripts/audit-touch.mjs","23F44A419F261374CB4FB1A92C9D2466557C6BB1D1FB15E00995A33D87730CAD","baseline inventory; not a per-line review claim"
"scripts/demo.mjs","33EA20D1D4D653E665B67207ACB798BDE7131DB8EE3F9F3636602ECF83766614","baseline inventory; not a per-line review claim"
"scripts/verify-demo-media.mjs","3EBB9C6481EED820482D0FC809D52ADCC726711A8A28800E1E41FD6CDF3094E4","baseline inventory; not a per-line review claim"
"taoread-codex-resets-demo-v8-full-cn.html","F837C58E862EAC5597D6305CF1A708B6BA2CBD4C75D95658235461CA00B057FA","baseline inventory; not a per-line review claim"
"taoread-codex-resets-demo-v8-full-cn.zip","DE7216087ED190A0E96E77EFFF6D7488A8871A2543BF4D9176EE51FC5BFF2D61","baseline inventory; not a per-line review claim"
"tsconfig.base.json","27768F51120246E69B42D03C8F9ADE69C1E7E29FCA2296748008E925B70E9D21","baseline inventory; not a per-line review claim"
